TDOA,Zero_Crossing_Rate,Spectral_Centroid,Spectral_Bandwidth,Spectral_Contrast,Spectral_Rolloff,Entropy_Energy,Short_Time_Energy,MFCC_1,MFCC_2,MFCC_3,MFCC_4,MFCC_5,True_X,True_Y
0.068378533,0.045175256,3076.327141,1154.264209,43.10075688,6036.217965,1.216298872,2.902779804,3.97197148,0.548314209,-8.472618962,-19.74142569,-0.150431124,-12.54598812,19.8161714
0.131824321,0.11296118,2916.727511,1117.446998,40.58111179,6780.088383,2.506600781,4.046618414,5.02727649,2.021267224,-3.705379031,0.855080859,15.86298634,45.07143064,3.609636634
0.08751258,0.175859709,1102.568263,2765.636451,32.94115806,3502.807393,2.99309475,3.824788556,9.994397252,16.52165868,2.884918549,-12.76859398,-9.248095399,23.19939418,-19.04723837
0.095900559,0.149122728,2364.991311,1123.8655,48.24188574,5749.244598,0.575065013,0.854109533,-16.48847052,-13.12682159,0.723099922,-11.44021285,-8.66862386,9.86584842,31.37950197
0.113832915,0.163246618,2520.782475,1179.874315,18.01898062,5430.475899,2.743414664,0.831322402,-13.84865178,15.44685176,-1.659257513,2.583625557,6.521088149,-34.39813596,18.47311726
0.140477322,0.13516884,2595.291124,2398.495656,14.37056841,6996.982261,2.056576334,1.414054402,15.8954287,-9.752339422,-11.17395762,-14.47498827,14.36447031,-34.40054797,-33.73830607
0.175932786,0.141532547,3320.689477,1624.349606,44.15847868,7436.522363,2.933456548,1.869266159,19.06244093,5.824103082,17.38175523,-7.864578255,11.27563652,-44.19163878,41.09271845
0.142265462,0.171347174,3134.410187,2441.776392,27.56599267,2072.940629,1.662523794,2.101432349,-11.72728427,0.178237667,-7.512410537,-2.901338873,5.808743034,36.61761458,32.25372429
0.134409671,0.057436922,3431.620371,663.4153939,43.87875417,6044.119514,2.618469826,3.430516362,10.05115697,15.87981157,13.84496842,-12.68746446,18.25167526,10.11150117,44.97999133
0.089501759,0.102990743,4059.533046,1718.927984,45.72360821,2311.014795,0.655985171,0.377734118,15.01954602,-7.901347302,14.34792485,14.28923749,10.58603802,20.80725778,22.57195084
0.143629208,0.052029794,4251.942955,584.0340005,12.49830374,5293.15199,1.338197625,0.269896251,-15.20188233,-7.517438214,12.09584122,14.45672184,-14.50799869,-47.94155057,11.34151959
0.139058031,0.197656922,3872.492305,656.6330086,45.33859052,3725.796374,0.667541344,2.020361758,-14.73252386,8.201636254,9.679109181,7.108929648,-9.907410555,46.99098522,-8.175696371
0.159091818,0.189371275,4822.094784,2766.093633,27.93276221,3840.659597,2.938357834,3.516102091,13.4576877,1.956385266,-12.4321683,8.815359943,0.44454554,33.24426408,43.27284834
0.135733483,0.017491094,1072.930331,848.1134278,30.41729956,4117.751021,2.542434768,1.04783318,7.88096664,-5.480686384,15.17118225,9.014864009,-15.49638134,-28.76608893,36.60638895
0.161817143,0.144059283,1783.111943,1831.051706,35.06370044,5727.754694,2.631368553,3.243371958,17.68232878,-8.069101831,11.02021187,-4.275128072,-14.42983717,-31.81750328,-45.47813299
0.166094026,0.18579718,1030.2515,1527.739007,47.05530427,4004.299794,2.844913079,1.373157876,15.19658507,0.220831669,0.310313528,-14.46513621,19.30958164,-31.65954901,-47.36330255
0.067486508,0.044309316,3589.898857,1368.358316,10.76464378,6396.194304,0.712758715,4.441821933,12.81013276,5.949884556,-3.241209049,-1.678855337,-9.734111713,-19.5757757,-12.35366331
0.090827558,0.117909594,4592.122196,2749.583364,29.07373873,4427.164313,1.463993981,4.488880727,-17.81069172,-11.83031575,-3.252194267,-11.21460286,-19.99091847,2.475643163,31.05533308
0.143441865,0.183942777,1973.929186,554.5584919,37.5088817,2410.119202,0.677587223,1.556707301,-2.778567163,-15.23437312,0.495712829,-6.046723702,-5.007003026,-6.805498136,48.72761293
0.118710679,0.016449736,4708.138179,2159.474215,38.90827831,6702.559055,1.026982754,1.226969394,-18.44168615,-4.327564215,12.09607138,-6.35022201,-2.232663725,-20.87708598,-34.95831089
0.042621136,0.142509851,1241.069561,2908.486086,37.70129726,3714.549948,1.073414443,2.115389463,-0.670716965,19.47583782,10.18277445,-10.05580462,1.535799171,11.18528947,9.413071535
0.110691867,0.066496311,4737.744107,1900.420459,15.37740518,4596.601278,1.672768028,1.278604767,12.75477082,-6.506775646,13.10094776,-19.97608245,-7.687233999,-36.05061393,-11.91091434
0.149805266,0.185635277,2406.490749,2842.056155,21.97582353,6112.663299,1.171405419,3.394680832,15.036197,16.21195996,-0.281721134,-6.793761987,-15.72797184,-20.78553515,46.99143978
0.107082653,0.194501067,1405.683314,630.6446982,24.34862102,3994.736943,0.752445267,4.147716954,5.396266366,-15.04615893,-17.1785745,16.37718015,-12.39484935,-13.36381567,34.21189231
0.099466126,0.189410633,2943.487037,1546.983298,42.17748831,2339.513937,0.918727723,3.398151441,-19.47084748,0.471218263,10.77770318,17.3918207,16.36808545,-4.393001578,33.83287047
0.083641184,0.100100701,2027.106271,1150.394477,21.1503949,4243.526282,0.868188909,4.139317192,-13.60480947,7.649866551,-13.29733843,-7.587660716,0.133805224,28.51759614,-3.130684021
0.091012337,0.173788104,2139.491608,2327.052412,18.42819855,7666.691496,2.932691995,2.045261595,-18.40754242,-9.040476021,18.22597869,18.14530431,-5.90691783,-30.03262178,-8.518049766
0.0661923,0.170464386,2229.15986,2953.242726,48.29792076,5850.406384,2.398231267,0.865953156,-4.735340036,11.00938156,-6.296356688,5.106755086,-12.31935661,1.423443841,-22.65929281
0.132113133,0.07062909,4212.103591,1141.325156,10.3545314,6028.874892,2.919403663,3.715959642,-7.45187501,5.425812878,-5.761689061,-14.05972873,3.858683017,9.241456886,-44.36245033
0.169680713,0.16749394,3156.645107,2135.436504,49.91283423,5793.692922,1.599351216,1.866325075,7.843194463,-5.499920619,12.95990608,-11.83649355,-1.238370099,-45.35495873,36.47223763
0.096462667,0.017031451,2245.230797,995.2440819,37.07285195,3193.952834,1.195921204,3.389227044,-7.355947538,-17.77036586,4.392510462,-10.36784736,-4.527710318,10.75448519,31.29010091
0.174506809,0.123291277,3441.335133,1913.325636,43.13877198,4510.003185,2.495732993,1.426155316,-7.692836421,17.04238239,-13.53221787,18.63329279,-11.76822492,-32.94758763,49.97176733
0.192470235,0.053701679,3864.602697,1659.831217,21.78477585,6505.63879,1.315634795,0.498025211,-6.886472046,-5.116709801,10.39294634,-6.447060703,18.08249787,-43.4948407,49.66368371
0.131864474,0.032907708,2090.496003,2930.013324,10.57261111,2608.237385,1.248458434,4.963650798,16.76832124,-3.049195203,-6.314695996,18.46202929,-2.205902687,44.88855373,5.54317056
0.156776354,0.024621108,2654.196406,2021.318182,39.51478074,3667.116657,1.081264981,0.865387389,13.93887098,-5.469785933,11.75740534,17.6396929,4.928414923,46.56320331,26.89874152
0.157791809,0.142294867,1487.544373,1373.76593,43.36578388,3657.914651,0.824197446,4.94326287,9.958526034,-5.720702821,5.389765644,-12.54320781,9.974777466,30.83973481,44.47657299
0.11677434,0.074576243,1724.597398,785.2394622,39.61904528,4592.113566,1.141157653,4.88867167,18.2853933,-2.915798186,-0.995986372,15.91820865,1.00197361,-19.53862308,34.96473907
0.138507198,0.147705687,3724.471416,878.1170718,15.71401149,7882.212446,1.388299371,3.989708709,-10.30585219,6.53242838,13.56398795,2.026418369,-13.87422,-40.2327886,-25.26518983
0.055613871,0.022417705,1725.753391,1063.292325,40.13711689,2405.01528,2.18498552,3.331172514,-17.26237163,15.89589273,-15.22475955,-6.886286485,12.62981523,18.42330265,-4.945586469
0.109515668,0.069905164,3100.653535,1127.416653,40.75691128,5112.205966,0.656412106,2.931254546,13.90190532,-12.72729389,-2.786138705,-13.38000901,8.26416516,-5.984750626,-37.08405848
0.172238184,0.112503346,3836.185047,2626.540145,36.34162063,3076.188092,1.026267349,4.343897572,6.677097898,-2.584147064,18.12480458,8.769808023,17.20660811,-37.79617652,45.40510273
0.030986625,0.160237401,1427.507692,1903.056971,40.64463731,7824.059272,2.522559101,1.518253656,4.023327879,-13.34978679,-4.810503807,4.687769085,18.79275459,-0.482308989,10.61746345
0.157117913,0.070562976,3269.248879,1808.477278,43.83685759,2679.821028,0.867304809,2.391637941,-0.40856528,1.14626416,-6.622298915,0.772507706,-12.09776377,-46.56114789,-27.13571945
0.129409391,0.128919362,2026.251135,786.9221797,34.54416457,4421.606014,1.356612866,3.13501085,-6.119906584,17.31470761,16.90580558,0.094872799,-6.884640239,40.93204021,17.17006844
0.078306551,0.178335772,4851.707501,2650.349233,13.54418856,6427.309909,2.661647305,2.114833332,-0.599280499,-16.58387879,18.8984556,0.720417255,4.567449773,-24.12200184,11.81282405
0.062889553,0.127014006,2934.182587,2307.035758,29.50511239,6227.326568,0.887313278,2.194683625,0.19645805,10.74988525,-17.52213926,3.072316786,-15.23158229,16.25222844,-14.1837282
0.125327289,0.0542623,4223.970199,669.1709048,13.10597339,4536.371821,0.706842089,1.718394871,-3.131495299,-18.4030987,-2.036859435,3.104523225,2.83628215,-18.82889239,-38.64424078
0.050362342,0.014636148,3200.906169,2269.587743,26.30172124,4079.145008,1.711344988,2.864735902,14.60284398,4.031685974,8.03462789,-8.591767893,5.230816807,2.006802118,17.15731956
0.014849507,0.175318786,1173.650131,1858.845543,26.28425957,4385.674271,1.256048778,4.267815187,16.51203202,4.414520313,1.856282968,-10.01023283,-6.268980437,4.671027934,2.03077009
0.121429191,0.014041188,3532.605502,704.3133644,12.64039377,3585.657579,1.908520911,1.087489052,-16.81139707,7.324571429,17.30266835,3.02661012,-14.9553871,-31.51455445,27.23183917
0.137031291,0.176193318,4805.613369,1645.751604,23.95282136,3231.997632,2.509512226,4.67872189,-7.612331556,-11.92820207,16.35305991,10.41600269,7.055934756,46.95846278,2.016350111
0.130294895,0.110498055,3406.447281,1711.740718,14.43992395,4898.238185,0.84287122,3.476529503,-1.257720216,-14.08166664,19.3861791,-11.63610542,-14.7858748,27.51328234,35.21815003
0.129024357,0.188422863,4276.755438,914.4363504,42.3294084,3611.202536,1.951747711,4.134038742,15.40955515,-16.5317373,1.534524084,16.52918745,-4.481089824,43.94989416,5.190683877
0.116472968,0.161768815,4536.825853,2864.245368,47.90752104,3724.769989,1.763771901,2.825334394,-8.977328948,-6.713099118,8.03233672,10.61265198,17.17613935,39.48273504,6.093797154
0.113460287,0.199607481,1912.319088,2624.938429,12.89265901,5940.536381,0.860196965,3.919631837,5.711096539,8.707046312,19.06470549,-4.911928702,12.07360674,9.789997881,37.66536027
0.126173209,0.076635245,1848.17936,2172.555843,48.20460829,7811.22399,2.059996214,0.179381947,4.328455071,-2.217059957,9.694797484,-10.86674991,-17.66168051,42.1874235,-9.651713379
0.16055732,0.155765775,3443.923955,1655.738903,30.90306397,5621.823203,1.184101045,4.110064081,-13.93028348,3.912320536,6.589568196,-3.226612783,8.043903495,-41.15074979,-36.59847715
0.163492186,0.086366874,2644.113879,1529.413854,21.98262712,2461.876802,1.719585796,0.29668041,-3.170537497,0.077816205,16.39720633,8.690475035,3.282805245,-30.40171376,-47.12173237
0.152027116,0.101176368,4359.445211,2127.433668,13.07448301,2453.501683,0.705680811,4.460575544,14.51838493,-0.777602367,-17.24984374,1.988690207,-3.313428841,-45.47727111,25.51372557
0.061834997,0.129226038,4600.092494,1863.579674,30.02497072,7708.539325,1.648960143,4.960617461,-1.22372632,14.31431134,-7.803875025,-12.29294414,-14.83715012,-17.46696692,12.03095514
0.067774881,0.175998652,2413.685517,655.6827647,41.78062178,3783.744742,1.26615867,1.540930565,19.52496304,-0.590781769,-12.83344327,15.64560367,-1.585785075,-11.13227103,20.40797681
0.10698987,0.196975859,1947.482236,1781.256622,38.28345909,2552.401916,2.555953028,1.130560926,-19.12613152,10.97942412,-14.62266291,-1.291175361,4.235872607,-22.86509682,-28.70358385
0.142914861,0.155971949,4122.102061,2516.009043,12.00904046,5594.267523,0.642446817,3.850280483,-0.920664295,-4.431655255,15.49698141,15.75734043,-6.567345414,32.87375092,-36.36285244
0.147565214,0.089375689,2099.224142,1648.099694,12.91607341,5741.89267,1.546518187,1.339829071,3.193183042,-8.697989299,-8.839668386,-3.801256505,19.95171743,-14.32466733,-48.54553343
0.077308289,0.09005783,4290.457274,629.8914439,26.11493131,5891.028921,1.64607856,4.341255678,-16.52131919,-7.871208646,18.66233758,17.78829527,-6.604868395,-21.90654903,-14.94124412
0.029020312,0.150140637,2694.953015,2465.695498,21.81161976,3604.412167,2.312515191,0.603928702,1.501605746,-19.43213462,-9.694720049,-2.002253029,7.716356441,4.269608316,8.991768685
0.109299027,0.055367658,3670.199597,1003.409455,19.29537292,2090.664105,1.935718938,0.717180462,14.13268747,-0.066678868,4.129816907,-10.90955786,1.751482816,-35.9075775,-10.77559549
0.089970109,0.030990081,1382.141255,1146.552087,21.24017996,7790.092217,2.168030843,4.89784262,-6.121641985,-2.727716196,11.27119304,-0.633078713,11.76057801,30.21969808,-6.252507798
0.171082981,0.07737821,3495.437299,911.7658836,42.13930973,3505.358274,2.442623214,3.401810602,5.931901092,0.443752859,-2.17928742,18.67874058,2.847967359,-42.54493563,40.41586945
0.148683843,0.064575408,2807.070715,1325.537662,47.16912215,6056.157728,2.655507434,4.2497474,-1.683988195,-4.220824366,14.6824073,-10.24018791,18.6693691,48.68869366,-15.1744533
0.079476374,0.066298543,3346.433853,2391.878764,26.20410778,6239.779219,1.284688742,1.689213949,7.510768255,-9.061019385,9.458926985,-17.93370572,-18.02822029,27.22447693,1.398948916
0.120641693,0.054385473,1672.056831,1798.464649,46.24444009,5660.044502,1.845056763,3.414770373,-3.55546332,-2.211488926,3.061799598,19.33363074,-10.33594894,-30.12843185,28.36530127
0.147284224,0.017997706,3947.49498,1012.203185,22.85982805,3877.444365,2.600270196,3.011784954,-11.56120438,13.6648803,-18.78584778,13.75251455,-1.586837974,-49.44778829,-10.34572177
0.098618613,0.013396048,4451.18831,2694.575195,29.05747945,3626.577523,2.973627827,3.055435589,-14.9742603,-8.41088065,-10.44992916,-11.45828582,-3.554226541,31.54614285,12.20867002
0.12164718,0.197667254,1866.9592,2698.954637,19.04115991,5586.009696,2.723798278,3.444409052,-17.27850744,-7.323834491,-9.328218023,0.237032006,11.1091164,20.68573438,36.23637087
0.147082475,0.091276895,1382.858222,2676.446063,35.61904169,7196.573802,1.428668157,2.919259948,-3.632696502,-6.824829228,7.735101541,10.64981891,-7.836214561,22.9007168,44.95206237
0.129776824,0.083022063,1094.554344,1096.990528,49.15924461,7680.402374,0.987916293,2.20240561,4.387276331,16.60393818,-13.74551433,10.07192654,2.730744651,27.12703467,-35.29265191
0.175754835,0.139132984,3567.886002,1628.09836,34.13972384,2635.434826,1.723481344,1.452021202,-17.95337974,-10.68565772,-0.319930823,-7.59058865,-12.72945609,-42.59553483,42.65876252
0.0413276,0.051468239,3428.376144,2962.47414,24.31256336,2928.971676,2.35410363,3.866048521,-15.7514469,11.03509018,12.31829312,10.71058471,-15.44136452,-14.15342715,-0.788370692
0.132325021,0.190492625,3186.789651,2430.031191,35.91269784,7668.417553,1.731422677,1.208734907,-16.74211148,-2.599416226,-8.293796093,1.817118008,-14.66334658,-38.41309405,-24.17556117
0.106529345,0.159405553,1927.788384,567.9185531,14.91682714,6419.21137,1.707952158,3.4925361,-15.73152724,5.98224027,14.71998368,13.12743477,5.042188359,36.31034259,-4.086424376
0.144494014,0.02698809,2563.623984,663.0114782,45.54636321,7297.962949,2.595576053,1.243330831,4.415042391,13.39895143,8.414060028,-15.49987478,9.436816255,12.32981268,48.00325753
0.04934782,0.089340347,3377.905341,1659.828442,30.12335803,3215.795805,1.403509448,3.164117833,7.867559515,9.013055629,13.4551431,18.97757243,19.02407677,-16.91019751,-0.738190601
0.136686921,0.177032478,2987.067435,2773.050515,27.97398968,5525.515227,2.649486687,3.760683509,-2.434773568,-18.40208107,-5.5082604,13.05561246,8.059964059,-43.64416497,-17.12483897
0.067449388,0.189499084,4951.142081,1846.754495,33.43459154,6206.837567,1.517012002,1.171698056,-17.35778769,18.90272943,-5.597603923,-0.885305803,-5.788641031,-18.90176783,13.34008543
0.091307732,0.098806287,1545.75901,1744.53127,34.99135451,6080.671313,1.320582764,0.393722174,3.907293421,14.78783539,15.63328593,-2.038489585,-1.627852471,-17.4816678,-25.98543812
0.140611527,0.126548164,3780.578216,763.6842499,12.87103225,4448.910145,1.634974778,0.741771341,2.022825382,-12.30027397,-15.92484943,16.44482006,12.82030017,22.96061783,-42.41366719
0.115391626,0.04173645,2617.275072,2141.950262,37.30468885,2092.36935,2.406117397,3.06938514,3.297403076,-12.53639613,-12.47071201,-12.63005394,-17.7199045,13.75574714,-37.11202781
0.156536584,0.198322039,2712.79846,2555.257902,19.67726721,5497.556341,0.81500507,4.262287391,3.8538599,-9.031484435,-18.93566536,9.409140724,5.025996518,38.72127426,-37.1954161
0.101808876,0.054017623,3870.391063,1451.050019,38.5581053,3518.609235,0.99104804,0.320484424,14.34400428,18.50930335,5.133884702,-12.63594707,-15.77398618,-2.778507484,-34.80973065
0.152930487,0.189119037,3769.744605,2439.029627,42.90139178,4701.525477,2.878612064,3.697341169,14.03411029,-8.554598302,5.61789096,-7.433517447,18.31884266,-38.04057541,-36.11728274
0.07451192,0.133432863,4965.023975,2911.191635,42.1583403,7745.486091,0.938729068,1.772461365,-11.53142511,-14.23039916,10.35907327,0.024781293,16.4714045,21.32447872,14.08747448
0.11992722,0.125469991,1513.577158,1009.416148,32.1000387,4394.211906,1.919318295,2.444789013,-2.081133745,-3.781132947,19.36357856,-8.31004173,-8.207310466,26.07850486,-31.81199156
0.048411851,0.107410817,1416.438598,1808.324078,30.80679569,7038.80964,1.948286167,4.651411794,16.27942074,-13.25002246,18.7330784,-1.884665583,17.82860434,6.127719757,-15.43327167
0.140082611,0.053827264,3897.355269,1217.844895,15.71503845,3131.243634,1.724061155,1.726660373,11.82313505,-14.34465783,-14.78718267,5.737157981,-12.11268072,27.096718,39.67884099
0.007803891,0.043540326,3313.547668,2482.136048,41.01384602,6034.762988,2.111863121,2.380150976,7.306846099,5.149360602,-9.355945259,-18.43974317,-1.77732872,-0.620440364,-2.603835974
0.049298194,0.05189238,2096.642666,1943.983415,20.85637522,7862.041727,1.074566814,0.167043832,19.42402936,7.467144469,-10.25540832,11.94223353,-15.71883463,2.273282938,16.75577385
0.097841354,0.04542327,1317.677476,2086.456044,29.86781691,2611.358605,1.881655669,0.499833728,17.44706257,17.63003437,-13.00874861,14.98974599,9.497257657,-7.245898164,-32.76801288
0.164900457,0.15812105,1342.632998,2494.785399,21.37096372,2049.919653,1.430433138,1.367098797,-18.87513975,-4.987146169,5.070133942,-14.15613738,12.92014298,-47.45808733,-30.77109812
0.176029269,0.076523799,4576.763499,1489.926182,15.35313452,4601.496756,2.154168149,0.23647598,12.78708011,19.97401202,-11.54274968,-9.393170353,6.514391505,-39.2108573,-45.91313837
0.167267329,0.020990109,1767.469299,2787.725171,35.18230788,2555.752898,0.853058858,3.193739098,-8.023075008,-15.9938001,-9.131296044,12.63823158,-4.867375713,-46.85708143,-33.10649369
0.075818589,0.1941295,2293.486248,1832.572168,12.17328139,6490.306098,1.927193542,2.189351948,-8.740907902,-17.19725217,-17.7349777,-15.18487402,3.230743345,13.64104113,-22.1409661
0.108612197,0.177919318,1906.625609,894.8870571,39.94580937,7487.291983,0.963175888,2.785911493,5.492086262,-17.17213567,-5.538392489,1.391978651,19.84897972,-18.56440189,-32.29895157
0.11993783,0.186272934,2419.985223,2239.747795,22.70347181,4604.125836,1.196607658,0.955771211,5.200747225,-3.304682328,-14.22751825,-16.25762372,-19.33313798,0.857069116,-41.12974662
0.16233271,0.199032486,1277.695371,2483.153376,10.00538772,3552.269853,1.046774501,1.550066944,14.063256,14.55158492,-3.729050057,10.49444855,-14.24495378,40.75664739,-37.93641289
0.073981677,0.043040097,3076.239164,1291.904193,30.44516557,4606.419914,0.95709445,3.352739927,-2.292251921,9.288768252,-10.67924142,12.52568018,3.537249618,-25.07077709,-3.922123197
0.089514869,0.085285984,1270.450254,2642.948142,11.87407634,6340.686907,2.564277379,4.829983346,-2.076580509,-0.483992189,-11.82974128,5.072105203,-5.650299578,-8.961707696,-29.36662816
0.084361438,0.15406531,4201.426031,2765.358137,21.04678231,2054.324969,1.214268919,0.347042191,3.449419951,-0.305318052,-12.30736909,-1.442549462,-10.16725652,25.55511385,-13.5730139
0.079073867,0.142243917,1934.848328,1192.261218,38.2790595,5536.723937,2.817809455,4.462883172,-16.03415551,4.918161767,-2.125032192,11.11939886,-11.18118076,-27.12018345,0.341727085
0.135245607,0.039240222,3160.047658,2958.803682,12.50758486,5679.750109,2.924816313,2.926717886,6.656292188,-8.583837261,3.432335769,-15.62070536,18.63346675,-42.30200902,19.03948286
0.147637562,0.165008294,4520.31635,851.7788201,43.57353969,5826.129481,1.928151175,2.863205877,-16.85493156,-6.763409369,-10.06850081,19.52055848,-4.424408813,-21.02485471,-46.06878602
0.131815058,0.052643709,3603.509476,1005.039171,10.15279691,3452.13248,0.857502807,2.551364823,15.17572227,18.62439326,-6.337184519,-6.459724823,-19.71632749,-33.87787127,29.94103989
0.130708062,0.052525347,3131.831146,960.5620981,19.87295477,6284.31634,1.436370608,0.440031021,-7.643291086,-5.250993781,10.78925673,12.43740771,-3.985734926,42.96976523,12.79003895
0.151453075,0.11202514,2297.335012,2734.974275,39.63616225,2548.348918,2.494330658,0.540396574,13.02139366,11.65242857,-11.96354641,12.20476835,14.00530939,30.81203796,-41.82409681
0.115651075,0.122658588,2332.007652,2135.731381,22.65080599,3195.622019,1.418476822,3.044468828,18.41467098,-18.21647629,-14.27752189,-19.4394193,2.674337332,13.34037565,37.35786241
0.1636596,0.120216379,3677.947821,880.2607081,14.07569552,7264.82028,0.717543046,1.770697,7.377414443,0.128816594,10.60595399,-0.588374638,-14.02473455,37.14605902,42.08724005
0.155606844,0.027382499,4976.557445,1600.808546,24.40935675,6432.338904,1.891962277,4.594613526,5.073316177,-9.872043719,12.14773808,12.71288294,19.15789423,30.36720769,-43.89220401
0.112167976,0.176717564,3647.356759,2038.245063,20.81573146,2082.473324,2.612802129,2.092293633,14.13139194,14.24614488,-16.0304934,-16.37116469,-9.49218092,-31.34299411,-22.31223519
0.145147872,0.060464008,3231.133669,708.6602125,43.70847609,3490.257562,2.489815968,0.802079148,5.568073176,-10.57269862,8.546411324,14.94712138,-14.92792803,39.25589985,30.62012798
0.073282124,0.034607835,3922.602041,2706.040921,22.5339167,3286.438898,0.93780785,3.602122284,0.245594108,12.58500224,17.44652166,0.54071467,18.01116894,3.934224192,24.82596904
0.128427703,0.178862135,2860.822449,2509.008839,41.55729887,3624.837968,2.181911536,1.537431765,-3.859200302,-6.668005605,-0.322879038,2.910900389,-10.46651157,30.74401552,-31.54789806
0.143233316,0.191573785,1240.56937,1763.016934,45.67488579,3485.358622,1.051260659,2.674804506,-1.573088334,-7.716490266,-18.59362999,-7.074191309,1.764344958,39.60912999,-29.06506767
0.0651264,0.173804247,3249.187264,2917.816538,27.35269678,2375.157774,1.045518836,3.519380649,10.38080595,-11.76047263,8.371845086,-19.15400707,-3.242680881,-18.1996525,-12.95278972
0.113776996,0.163808054,4830.501138,1544.402448,46.39772575,4753.6431,2.685179433,4.511294145,14.97592127,-5.898830348,8.907342979,-7.230988089,16.23646685,-38.99480755,-1.547701481
0.086487983,0.134495976,1701.211769,2960.275798,25.09272216,6396.400849,1.124172382,3.981736855,16.93144084,1.792987027,-9.210301365,8.095948843,6.356072263,-27.20648375,11.82547715
0.043728774,0.1146629,3760.019563,2169.799997,48.56313666,5640.390348,1.158118366,3.414169233,11.46892059,0.389043012,-7.997316684,-13.94942862,-8.613010446,-7.289221137,-13.10863604
0.093356866,0.026527484,1803.734755,2086.678183,13.57158098,6037.230012,0.501633477,3.430202594,5.496099248,12.073036,-1.34501622,-5.533356672,-15.66398509,31.80147659,-3.746528387
0.127538415,0.08760611,3143.310738,914.8872382,37.48077066,2486.895071,2.676672585,4.735030756,1.608690671,-17.98708268,-17.48370096,-12.50612835,-18.70116913,36.07305833,24.74709381
0.197253248,0.080810818,1386.705799,2704.819396,29.75256162,7708.944261,2.481487033,1.549538078,-9.813449364,-0.441962942,-3.703684746,19.46277963,-17.76294599,-49.30478695,-46.33167971
0.072243799,0.059353219,2801.483745,1568.72422,25.50595222,7030.951003,2.068322338,0.105449262,-13.16745175,-12.09238788,-7.247307085,3.739856633,-11.59528896,1.074730258,-24.75630557
0.06669888,0.147449822,4024.653316,905.5835145,35.30847515,6830.541911,2.37566441,1.432577341,7.897264689,5.712263643,11.30982697,17.4992469,7.677094531,-8.258899685,21.33495859
0.140853599,0.10421639,2390.286097,531.5187999,38.15428367,6937.90283,0.880121419,1.16766776,6.010202844,-16.38324089,17.91426269,-9.657709454,-6.511500384,-27.78921895,39.52068377
0.110878703,0.025398781,3659.646898,1899.389209,10.17453079,7596.263049,1.645808986,3.342989467,-13.8634847,-5.337952505,-5.065873559,-13.94358224,11.9381402,-38.01346327,1.167744212
0.048259411,0.051834808,4181.799843,1818.499055,16.67812355,5265.523797,1.378048468,3.205186839,-4.390458017,3.142557291,16.45367265,2.163971216,-13.02006054,-16.23848286,3.211348527
0.17259939,0.139819165,4708.711278,2298.384056,38.52184203,3201.692107,0.734441316,3.007960775,1.765040079,9.620380849,10.27707381,4.268648079,-13.32850659,44.29097039,-39.28279887
0.05377619,0.024464863,1938.568327,2725.645133,36.65541654,5700.701647,1.715326213,0.179592872,1.995076846,4.783303713,6.539613805,13.45165252,-11.38148371,-17.6797068,-5.258763318
0.010974551,0.171729314,2597.263663,698.5164616,48.64190021,6457.288962,2.801849126,3.671012467,-7.877369553,5.528976602,-5.999725261,17.13490208,-17.37495647,1.879062174,3.261726646
0.095606438,0.10407784,1609.664053,2328.741226,40.44151161,6427.50436,0.600147798,1.685299021,2.506216916,10.48750045,8.544294651,-11.69954018,2.752509457,20.30189589,-25.75294964
0.078145843,0.10131145,4969.934009,968.5298602,48.03090831,5128.694145,1.228652284,3.358774346,14.72392639,15.25002727,-5.992539027,-16.66969368,8.982316366,-13.63703976,-23.07567691
0.142122676,0.122557479,4708.003872,2645.442633,38.10162006,2410.752316,1.018852341,2.8272343,-5.306379389,1.037863076,12.35197778,-5.529267523,0.970188822,47.17820827,-12.27158369
0.194307631,0.166689384,3159.828521,2547.658785,21.92208835,4226.677631,1.095366634,1.779381535,4.724118622,0.380354929,1.829987191,-5.623046927,-16.74104409,46.24472949,-47.99288022
0.089037277,0.07608375,4368.133178,1851.984387,14.21459689,7524.599651,2.77108638,0.759423709,0.348239369,-10.27501878,9.790029265,-13.27053684,-12.40261025,-24.82177042,-17.79208344
0.08412977,0.138823069,3083.831909,2275.606997,41.27295453,5506.693459,1.670172636,0.562652599,-9.053344603,19.20021853,3.850343009,8.389483392,-19.70568681,-0.275149411,-28.8551993
0.076807972,0.117489073,3494.342752,1285.875283,35.76596886,5229.99166,1.665748532,4.174439832,6.94439328,-17.40402882,-1.370976893,-10.39019926,-1.207827142,-19.91216902,-17.25026478
0.127373704,0.060735371,1356.497728,1677.919747,11.9274405,3613.121086,2.401439106,4.600147956,17.42092091,16.48830285,-11.62606402,-18.4232966,9.652348334,-21.51595056,-38.02378682
0.176616058,0.176939697,4021.081682,2554.092244,24.40201864,4210.693519,0.88623051,3.283961429,5.140156003,2.290073333,9.705439587,-8.809322765,2.598104306,-46.31130526,39.05272807
0.042010732,0.161510944,1510.853935,1648.162993,48.27199262,7372.076535,1.718163385,0.606827163,-2.375875438,14.27800519,7.368363008,15.29764765,-11.85955567,10.9564334,9.359245355
0.052222261,0.135105849,4304.270521,1394.495663,30.01604583,5998.778285,1.574963035,2.069933363,-5.910760997,14.26287955,-4.157820903,-12.0337241,-3.008232747,0.267902323,17.91023191
0.155585547,0.171610529,4128.112351,1735.531118,27.30916544,6724.322161,1.992276726,3.671802081,-2.557180791,-13.72389503,17.90260505,10.67395591,-9.268511983,-44.85212488,28.91712386
0.064536157,0.174785898,3834.978791,2570.623131,28.30798421,4726.072538,2.998894258,3.921122332,-15.41032167,-14.95449368,1.181344601,-9.245538201,-19.1585239,-22.13535358,-0.155780107
0.169326244,0.144588966,1144.641522,1338.020118,18.35530896,5781.483317,2.423622235,0.679271249,13.64384682,19.87397137,-2.786273052,-7.1880503,16.26613188,40.8265886,-41.30797119
0.076696283,0.169032532,2212.513424,934.4039828,24.74828683,3490.301652,1.494664258,0.100150522,-9.278112505,12.45863757,-17.78560732,1.524840402,-17.17799745,-26.04381093,3.710654182
0.106580018,0.142519578,2052.45028,2280.035051,24.79253024,6232.764982,2.568882631,3.589471525,0.68527568,-15.31742348,1.127108857,-14.92508688,3.699739167,-35.51051279,8.684111802
0.071622738,0.139226747,2440.54563,2564.945532,12.09420081,4565.608002,0.926770908,1.847321262,8.58784356,4.151710291,-8.042953996,-3.567344177,-11.29200805,-1.054723972,24.54394742
0.142984052,0.127536162,1350.570987,751.5936963,40.70270514,4655.273089,0.576159216,1.346958525,-1.021872806,-19.60123061,-16.60935382,12.30503478,10.85893379,48.56504541,-6.834045377
0.132077344,0.153016162,4747.831292,1099.685282,26.66017728,5895.933947,1.011120931,0.163197602,-10.68392645,13.81319903,9.08651239,19.23044698,-13.77229609,-25.79447285,-37.24196972
0.080575994,0.04013497,3215.208963,854.9299744,42.88719547,7617.683729,1.35102889,2.747467093,-5.385326338,13.66461839,2.184819648,16.06524918,17.04771946,17.21355474,-21.62240942
0.086087958,0.177365444,2222.097243,1369.853529,44.01392004,2384.03808,1.776451894,4.270638604,12.19867336,18.69312445,-9.256042683,-0.206961936,-16.55535558,26.16196153,-13.69177036
0.087524711,0.17565027,2587.926068,1625.877447,18.47976219,6948.459424,2.037822851,4.792395067,10.44023932,8.520571674,-5.348544552,-17.88256258,10.19730159,-26.2362456,14.59172413
0.069661775,0.015556984,2788.810162,2372.065842,36.29413929,3754.298662,2.776514293,2.872150258,2.40463932,-4.541497427,-3.190015928,2.484435305,-19.76541088,22.82163486,7.077830467
0.056974116,0.166905183,3402.377333,2127.868962,28.89127217,4663.516727,1.774635024,2.620860506,15.26835879,17.67622349,9.582529924,-16.53520957,6.766166221,-13.22168673,-14.39032741
0.14699254,0.034485275,3062.717711,2052.321419,45.20626952,2131.479973,1.753189112,0.516776289,14.17598053,9.959960696,-9.107384113,-15.29992639,-9.920071134,13.23058306,48.65152488
0.049664187,0.073672582,4677.567893,1380.937367,18.62962717,3806.276467,0.625607525,2.789476728,-14.83739501,1.47436586,17.46280872,-7.665915133,14.78164675,13.35297108,10.57748194
0.077316986,0.151266569,2987.853932,2603.618883,37.11252801,5015.787456,0.587278882,1.961897487,9.018726738,-15.47075107,-3.745343789,-0.597083634,1.633082559,3.577468407,-26.27732083
0.16657405,0.04054438,4968.632059,1678.217918,34.31008489,2337.056464,1.877899905,3.074962876,6.630609611,0.986892267,5.574992022,-6.480048759,16.27466309,-40.97102299,-39.82175274
0.140709308,0.165413735,4405.699831,2947.762345,21.8120591,4946.574376,1.595446533,2.004759105,-3.57605211,15.94387642,15.85026866,7.428510753,14.35922188,33.53024956,-34.71408608
0.090640673,0.168105494,1834.042057,2085.355346,15.46403615,7562.663773,2.597950987,1.277465705,-14.60086056,-8.152929378,2.891352582,-2.325851676,-6.131249551,-17.9219935,-25.40422716
0.134682447,0.106418869,4722.380859,815.6618539,36.06559042,2632.359309,0.901698962,0.565329849,12.30809476,-10.14607011,-17.46986364,-14.73161859,14.34979874,-31.34814896,-33.93186267
0.16209695,0.011213316,1465.465592,2190.443905,39.54389833,6586.644368,0.562429155,1.643100378,7.765266159,-19.35501415,-5.093714804,-5.931607282,1.739377143,-45.92248584,-31.34329759
0.068027941,0.064537245,4269.798834,1312.760039,22.62509375,4458.02632,1.62259692,0.573559688,-5.778808114,12.35434156,-8.211945205,2.84851671,9.815909566,9.089294319,-21.49048313
0.108388139,0.127216114,2522.493174,2215.817992,35.79330416,5931.042287,1.093696392,0.966795059,-16.05812594,-10.71685689,8.35600025,12.94977848,14.28116113,17.75643618,-32.66264047
0.182328858,0.196425374,4511.897282,674.1028704,25.8052363,3561.419588,0.624035933,4.937947177,-2.893236567,3.842557244,-16.41391075,-6.505636866,-16.41196324,-48.34121711,39.67654246
0.122431607,0.13004457,4472.22676,937.2035929,38.52827533,2956.953575,2.311495717,2.276107429,17.75096481,-19.84678838,-10.47500627,17.53790562,-13.15656133,1.20930583,-41.97662543
0.08005842,0.05936268,4223.7016,2639.343147,17.968611,2962.775686,0.7789825,2.706171656,-3.684230529,-8.503898646,2.315167343,-7.827696327,-16.54169972,-27.35042248,2.451138957
0.049737189,0.130461084,4160.121745,1067.948893,45.60860011,2422.951674,2.02079875,4.380730791,-13.43745647,-8.59253616,11.71360181,16.23027163,19.00348679,14.51727904,-8.960317301
0.16967989,0.112597222,2218.716556,2592.602813,21.49638386,3113.880229,1.202624375,4.978287612,-8.509692205,9.471782748,-1.863350775,19.5711978,-17.81020071,-32.5633571,48.23786169
0.126064569,0.158170625,1323.677132,1198.190221,24.71143951,5985.31631,0.933740126,2.955300802,14.02320789,2.021812025,13.03552906,-7.859843634,-4.060849516,19.09377381,-38.79610978
0.044466482,0.030326321,2611.920715,2107.204775,12.32367808,7290.143671,1.449378807,4.081121723,-15.57827335,-11.22442443,-1.425990005,-2.669962708,11.98767448,-11.32646537,-10.2144401
0.186938351,0.154595301,1694.09806,2235.376434,14.46048849,6884.754114,2.503614441,1.702011019,-0.91414496,-14.76475446,-10.57736262,17.30015812,14.38011902,43.67299887,46.94704333
0.150078256,0.11284065,3779.804356,1781.636883,30.63447611,6110.805859,1.480233942,1.598145391,-11.45850088,7.043721367,-3.799956056,17.26177628,-16.4396106,-36.24790559,36.55071259
0.103403892,0.192968481,2384.398906,1263.276692,20.70370707,2662.59118,2.376924123,2.073248233,16.58997315,-13.32199284,-15.15378155,-16.58366069,16.37774656,-15.89336489,31.70720709
0.132969462,0.074955712,4902.440803,1031.610941,43.41920903,3735.124678,0.813715742,3.395285587,11.2516259,-19.22395018,-6.91972926,5.118349414,-8.992391529,-38.65264788,-24.2097173
0.156644072,0.13019816,3563.888309,582.9733864,10.58773555,3858.841252,2.431928549,3.442739277,-4.286436941,-12.81395128,3.12288408,18.31917413,0.122904011,42.46936183,-32.91124126
0.120498672,0.18708534,4289.922255,1259.866003,25.16376195,3499.741678,1.092333312,1.64467323,-9.376496068,10.68933577,-11.76450757,-7.132545252,-1.380521102,37.73393534,16.86432199
0.143704276,0.029476848,1530.098691,2132.906976,23.49382187,5090.033958,2.193482825,0.752728628,17.20021511,-4.65730436,-0.330482279,15.84944997,12.26831231,-24.20583723,42.93759891
0.049491392,0.188073413,4448.057929,2845.762046,10.77310524,5213.322889,1.914453887,3.198741657,-17.90611286,-10.76082758,12.07655811,14.05956727,-0.677350192,15.9984046,5.676289301
0.094811958,0.140698287,4691.028762,2678.011206,14.97473596,4141.315851,2.822861793,0.728796725,4.613913625,-3.522138056,17.37643178,-18.0614307,-11.58895288,31.72222002,7.161268947
0.066134074,0.022889041,2948.247675,2415.161941,26.545707,4122.734952,1.468306295,2.93461329,-16.25919506,-2.915502143,-14.84982251,17.90494634,-0.993165359,5.52008116,-22.00209063
0.079043486,0.067183078,3425.011751,2471.118358,29.71458338,6971.333587,0.665412972,3.497768427,2.652915207,10.53179648,-14.53987952,-10.85316994,15.2998042,2.965057836,26.94929332
0.118276062,0.144552697,4059.239204,2162.462259,26.17158989,6735.75709,0.547888714,3.532996332,7.092027453,8.105183058,18.23920235,1.253598129,-4.011217961,-25.81477091,-31.29562514
0.12928784,0.022796614,1699.354509,1150.717144,31.23750714,3846.77499,2.567146402,3.792013342,-12.04280881,4.067464345,-17.57267724,-3.466301605,1.864597587,-40.68972322,-17.63207636
0.11782902,0.120612387,3010.264306,2767.987577,33.805267,7482.730663,1.811839094,4.377011166,13.398271,13.70138033,-7.87167225,-2.822084117,-1.171762107,39.7215758,-7.456356138
0.116761042,0.075717781,2594.652111,2176.83078,10.39695285,7716.890102,2.43811013,2.549799061,6.681474285,16.46307549,-6.175193244,4.860292446,-18.44802181,40.04180572,0.761037868
0.084532392,0.127973948,1585.495969,1901.101577,28.56380638,3960.455252,1.086064,3.678221029,-11.67072766,-9.98068213,12.2362337,-8.813045738,-12.33914712,13.31014573,-25.75902676
0.121704693,0.018690986,2470.137689,777.473673,48.53996964,4126.549693,1.362709364,3.133946403,18.3836859,11.70649907,4.152123154,-0.266336478,-18.39723655,-16.0970209,-38.51631753
0.054523274,0.175591993,1272.689238,1617.63886,30.76129121,5033.804921,0.575259681,1.014535705,13.44474462,-9.401317538,-2.054696335,1.507685144,6.544988831,-15.07904254,11.06200424
0.090206273,0.194962904,1103.247628,1650.895678,37.1016907,7646.724875,2.903730811,0.22587926,-11.79251428,-0.516698227,15.13009871,1.090205998,17.19481929,22.59556789,-21.13694468
0.118173378,0.194086793,1540.665157,2661.409024,22.47455432,7257.916599,2.169669767,1.49425279,0.809219564,7.083751391,11.1406352,-14.75941525,4.0382878,39.711026,8.123822142
0.151295109,0.152433848,4852.460446,1866.62055,40.95965513,2615.407776,2.833012719,2.270865161,0.147670449,-12.69499479,2.959007001,5.49618449,2.268370262,38.70864243,-34.56372847
0.081781423,0.034716386,3198.118144,1451.001372,40.91685928,4356.38446,1.163741019,3.123819128,4.743405963,-7.60611533,-16.5682286,-16.362582,16.92894988,27.98755459,-1.885989815
0.042484706,0.154070007,4863.288645,2942.000821,30.85184191,5320.227138,2.028659028,4.264800719,-19.63337799,-11.94403589,18.36096704,4.536073861,-9.533145334,14.20316462,3.258943255
0.178248762,0.014671514,2729.991513,776.8014833,49.04055293,5018.794835,2.196249921,1.061604012,-12.34890516,0.684717234,16.32334748,12.17497657,-17.36680627,-41.5860035,-44.81764632
0.109550133,0.014203475,2247.264532,1556.371071,15.02200859,3163.178408,1.293874251,0.715193971,-17.18157289,-8.874254382,-7.019734033,17.80489795,-8.693305578,-33.83712859,-16.33957218
0.157676649,0.071485942,3024.567451,605.0616879,10.6779066,7152.900627,2.620273088,4.821051743,-14.9486611,17.83105989,-14.6970369,10.98691749,-9.407347129,39.85541885,-36.55853231
0.131023068,0.102842206,2758.046755,2349.760302,40.80632847,6061.644698,2.867903657,0.629418341,18.49461266,15.60882682,-9.18605638,12.91040972,0.732956922,10.64290597,-43.66250295
0.202187916,0.156377409,1422.658737,2795.19138,42.28622149,7027.450249,2.712137794,2.444606244,-17.92135607,14.38991223,-1.669867409,-9.503356732,-10.3294197,-49.08029484,48.99602324
0.127209651,0.139826122,3563.305259,1200.093324,14.80828916,7152.585676,2.34766744,2.969262271,-11.57886046,0.057658948,-10.65500945,-3.617562909,11.20336095,-39.85284571,-17.7646155
0.102146967,0.094721514,1864.15273,2645.854192,20.62331332,6490.135122,1.193661699,2.752734662,-0.543798579,0.197312164,-12.94352358,12.50931617,1.670412798,16.35017691,30.98744459
0.161054704,0.061989067,3478.35182,1230.545576,10.70209453,4635.263607,1.204040105,0.521557569,17.35949674,-12.65681491,-9.889365602,-3.734538925,-4.673421258,-49.49384162,-24.53593452
0.112157558,0.199453655,3600.80437,2776.925404,21.73234443,5663.28053,2.908400801,0.379431879,8.588092655,17.50818462,16.49018244,17.84302472,-10.21137612,-33.91919486,18.15027222
0.077187117,0.090974447,1608.099413,2384.904759,40.92567496,2962.192437,0.52571124,0.616868795,-19.62758837,-2.30425037,-18.15723321,1.755116846,-6.457838903,4.873378937,26.02278599
0.062509448,0.095763535,1245.398508,2512.266942,30.71842111,6041.872505,2.290124933,2.969379651,1.277319102,-8.61952161,-18.11755208,6.741867805,14.5108311,19.18951977,9.563874061
0.045071922,0.041088526,4123.046344,545.016389,23.92382373,3075.519534,2.265615406,2.767289949,-17.97970117,-18.24475647,8.814928509,-2.220800881,-9.748304985,15.19612595,-2.842381145
0.084396888,0.161013814,2839.201695,2907.025893,24.8695718,6163.697543,2.056723852,1.245329881,-5.800195367,-7.171513401,18.55664048,5.66318725,-19.06268179,-27.57306905,-8.815908585
0.075947842,0.141799623,1232.655182,2316.67748,10.05414503,3377.588965,2.975272115,3.225093295,-14.38003961,4.901975849,-11.68704634,0.16280319,1.795267441,21.21792213,-15.11317335
0.146799105,0.051946226,4979.465269,1261.877738,21.9920211,2705.307801,1.279698589,4.11833076,19.13061854,-13.65919064,-0.501286581,-5.435157726,5.575456858,-26.27509125,42.95291442
0.109006114,0.025652399,1231.122244,2573.486662,35.85834967,2991.706941,1.349929659,0.303736903,11.57162619,-18.75145759,18.67462201,1.063797704,-7.868758957,-17.46003018,33.06194078
0.153444762,0.139294867,3780.140915,1203.802996,48.96777775,2011.952811,0.697348507,2.540836723,1.283472958,-0.705751657,8.114657762,-17.27959072,-12.2484348,24.64914051,46.50269107
0.117902036,0.134357131,4934.715701,2681.884599,43.88243308,6312.437707,1.606995341,3.477621019,-5.907644632,-10.637689,-18.00875994,-9.259996952,6.169431198,14.9632899,-37.57027765
0.122051549,0.06191931,1956.720417,781.450976,10.94379859,6394.406294,1.152621316,1.336328443,-1.168600119,8.26570087,17.62559997,-6.827148901,-18.31198126,34.92234105,23.08674752
0.135806299,0.190664077,1568.997475,2259.214944,45.94242419,5089.600099,1.358466755,1.608077436,8.179745456,-1.846137448,1.624439773,13.984007,-0.794602414,15.76128923,43.83404568
0.095044815,0.038700999,1485.539758,1851.746192,41.32793653,2968.176806,2.586429476,3.106825725,4.166957527,-15.16157351,-16.85209299,1.092435826,-3.888578638,6.830860334,-31.87669338
0.173224386,0.092143612,2213.10059,741.3361755,41.21504494,2501.326025,2.838711284,4.499882938,-16.21044341,19.03483451,-8.549638585,-3.047672593,5.994556868,-40.63252322,-43.35037326
0.080181964,0.189287025,1404.183244,1104.734571,28.31983036,2114.773799,0.96433268,4.068629659,-10.00393113,-17.3759694,7.624612495,2.896309039,-3.819219022,-13.22841969,24.11206493
0.071814968,0.08974819,3768.645367,531.0100907,25.92021172,2994.489062,1.431272329,2.957338074,-9.834108795,13.00539503,-0.589775834,1.736234088,-7.809563488,-23.47976323,7.447311318
0.12451001,0.13131993,1249.167193,1671.919914,22.11662915,7345.13321,2.821576405,3.678086417,-5.291659675,-15.97520091,-7.6147276,6.549374428,6.631376059,-25.60103566,34.18287768
0.173341434,0.085542936,3037.688513,1253.163152,12.62779436,3449.22105,0.654521152,1.887630104,-8.815942694,-14.90367713,5.570515327,-16.99428187,-14.63190295,47.30105548,-36.02276234
0.091552098,0.062100888,4986.787415,1995.893711,19.12941454,4125.627963,0.73090132,3.240731088,-2.514075798,-9.285056687,4.16019991,14.85334369,19.95618799,-10.69022753,29.52673119
0.143636465,0.196955753,4255.881078,1243.094519,19.8641454,2632.072907,0.906977473,2.384289797,-5.062216354,-4.658619503,13.46480841,6.031532834,4.566754013,39.20465552,-29.837268
0.105249293,0.087773461,3460.877753,1249.797779,29.36308279,3334.167828,1.988032085,1.030687069,-19.48938294,14.86207426,-2.130418988,-6.281339212,-14.47017737,13.1138626,-33.63440571
0.130262691,0.179878849,2225.014483,2357.982997,39.89777626,5115.347425,0.876180678,3.538517542,-15.62576388,-4.108348282,-6.526091942,2.779295525,14.4445408,29.48113035,-33.57342021
0.091715969,0.053691375,3495.583345,620.3570899,28.95239314,5646.516099,2.920190954,2.826676723,-14.80868137,2.272734411,17.85514613,-3.400089665,-6.92231599,0.263709311,31.45747202
0.053125525,0.050489894,3108.165856,2757.237488,12.31377798,3472.113885,1.616786318,1.857245752,-8.590226308,-10.43155648,11.47903198,-17.74472585,-5.224694097,7.690388463,16.51972207
0.007069587,0.015915476,2704.333536,2630.659686,48.31159204,2346.392955,1.753794901,4.565562031,-9.622033157,-16.61404986,-15.22913312,-11.01670469,0.007917421,-0.748230618,2.306542477
0.097919986,0.133816697,1522.841507,2169.511708,47.70897276,4346.197215,1.11664654,0.202577177,3.636643713,19.56866734,-13.3268118,-18.1326072,11.18126727,-30.47570122,-14.11695159
0.127670562,0.080020005,4546.416861,1983.053925,41.40758173,3405.220226,1.677400631,1.647288441,-2.01604376,-12.45471014,0.31589664,1.143368057,12.42415393,22.24521153,37.72005408
0.071192453,0.174228067,2799.138595,2730.756245,49.65311606,3317.323539,2.154784082,0.378718849,12.82566241,-18.49210438,-5.313214972,1.691999025,-14.07596805,-21.92276376,-10.75548926
0.166592122,0.099909882,1778.490047,963.3254488,31.77929331,7759.176816,2.377942842,3.855983849,-4.226354146,-19.94862298,-15.19362965,1.38218179,7.005195434,-47.56840336,31.65994395
0.045974327,0.193956751,2471.037404,697.4229055,48.51073401,5697.802916,2.384670207,3.540326525,-15.29771004,19.60890138,-11.62373144,-19.52880495,19.89691756,14.54722959,-6.086509143
0.100741493,0.045249848,2656.51901,1098.775425,13.02420162,5341.270659,1.944727782,1.723625872,4.991815949,-6.541985927,-11.55166966,-7.472717972,-12.84635726,-32.28893206,-12.30555706
0.128873713,0.175038402,4310.151582,2486.445697,24.62722993,4494.650621,2.760899437,3.410748221,14.441336,2.634522942,-13.7105734,7.624909683,0.537379885,44.04585844,-3.732021433
0.144455243,0.157553402,3934.457522,586.6756668,19.01525072,4573.666001,2.543519618,2.040092408,19.34389199,6.694046522,-18.2461259,-6.93512377,4.93257735,45.3928577,-19.86221258
0.140856723,0.15647515,4077.219575,1957.017088,17.83332337,5245.430023,2.392620287,3.805643578,0.582844651,-11.99383155,-7.21642295,3.672316307,-17.11082607,41.48643902,24.76093802
0.037862914,0.170508813,1044.125058,2988.59379,15.63211796,6178.578842,0.639013804,2.325499947,5.69112654,-18.46553781,4.858576906,11.11510822,0.014334415,-12.98412997,0.272039009
0.161404518,0.154594558,2664.615993,2639.240235,34.89654566,6212.876577,0.517194906,2.120170666,15.31345963,1.112484332,0.705193136,3.115083258,9.972614206,-48.45433835,-26.77873049
0.170775971,0.128981861,2925.376607,1803.614223,41.25287423,3030.163446,1.031118193,4.680176586,10.72357514,9.888985804,-7.53186714,-7.750430191,13.51365524,42.83185626,39.95745733
0.039802875,0.034936527,1076.769107,659.1022732,33.13193598,5000.676512,2.158808985,1.329307589,-6.240814547,-8.909663346,19.86733112,10.03160925,5.788799095,-7.181585168,-11.61087786
0.136642217,0.016179974,2039.252835,2578.433786,15.87850838,4471.74857,1.527993722,0.690191966,-5.329916943,-10.51718435,-2.109081274,-17.10494427,18.16526566,46.6654819,4.355286111
0.17975908,0.184961091,4041.159292,1997.44627,42.4449508,7223.161798,1.506015648,2.964261255,16.12202612,-14.41117732,-16.15496593,-3.017095713,17.34715625,46.36199771,40.6472111
0.109105993,0.12716356,1548.438823,787.3324926,35.43818829,5788.513527,2.711467221,4.84967688,-11.65392347,6.610913449,-16.85205693,4.150205754,-13.44273116,35.30094555,12.42379959
0.126752895,0.161342085,3141.240526,734.6432121,25.52662825,5195.024398,2.73890712,1.951412147,-13.66867797,7.524706368,-14.87247709,-2.985740149,-10.11175705,-20.55511079,-38.31019593
0.132534413,0.101489247,1860.807488,2774.067049,36.96521182,2692.367853,2.77293816,0.403980142,8.53286918,6.376929874,4.988026776,-8.698365454,-4.879002023,-11.49022714,43.98321236
0.108932734,0.032288556,1048.483099,2173.000657,20.39619917,5633.827336,1.284695191,1.76259581,-6.358085087,12.13218294,15.89193983,0.728732625,-1.779932191,35.11366715,12.77080531
0.071872665,0.033785301,1964.80583,2573.216998,23.80768834,2703.223434,2.227639532,2.579065106,3.256995795,1.95730098,-11.22718395,-2.844502746,6.090560238,-18.30779948,-16.50943853
0.142636732,0.140257405,4903.49502,2697.447251,46.69943373,4023.239453,1.179082953,0.893422732,19.45399692,-7.391330505,-15.38795639,-15.72034955,8.778398707,-33.05072533,-36.07279273
0.087306562,0.09175812,4206.148448,1929.43088,21.62018023,2857.051789,0.976524583,3.324700868,0.637835141,-9.86024987,17.62149204,16.23775872,2.6722442,5.680126246,29.40251893
0.131889467,0.048099698,4838.306577,1793.615879,28.79953073,6152.441882,0.961581143,4.988972006,2.427779255,-16.19773853,-11.98123809,-3.461369332,-11.75189136,43.61547742,12.00727559
0.057978162,0.103402964,2951.416176,1576.068526,45.6056455,3237.512683,1.355269052,2.313523432,-2.419688782,-17.31037464,-1.412421262,12.82943363,4.581640729,19.60297967,3.346109198
0.116639916,0.022199698,1438.944795,1292.366469,38.30885401,4351.156239,1.574894049,1.838169928,-0.173843165,-3.155243823,-3.579088626,-10.74605147,-14.5451558,7.006117009,39.38925831
0.144470902,0.120574566,3191.837956,1586.489902,12.48812905,7374.048666,2.577372928,2.063450417,-6.166857188,-5.686353654,-19.66194016,13.56831812,-18.72022159,-40.28235062,28.85972112
0.106944662,0.061108747,2817.509338,2434.699139,15.89212177,3225.8983,0.799727734,0.664216274,-17.83809491,-1.710783215,1.984892044,15.51270561,-15.81357464,11.50072267,-34.83251203
0.153054659,0.161536229,4377.428331,2004.808578,10.31366363,5046.830384,2.337314618,4.428040647,-2.338639585,-0.375456964,13.95070341,8.242324586,-0.381823659,49.00538501,-18.82779322
0.128013648,0.068968772,1392.330323,2731.308225,35.23687161,4515.629967,1.828637285,2.132645712,-14.78593281,11.84274102,-4.208987329,-0.311352669,15.2260231,-35.99159848,-25.15108602
0.071321852,0.096491828,2952.964548,1608.450036,27.90693702,2108.744246,1.219863357,1.997644616,-3.561575679,5.913481544,8.48287969,-12.86197304,-16.81647411,1.832965236,24.39462926
0.174927703,0.012207903,1600.194659,2017.723947,15.37099404,6756.548681,1.732048961,3.332482337,3.868919604,-6.511918593,-9.499655829,-15.12443152,0.390282676,37.73730719,-46.64675653
0.073092475,0.023764909,2298.703708,2078.268883,48.31736484,2414.275438,1.249855174,2.265963763,-14.36525584,4.997750816,9.15482038,17.2765093,-8.84512295,24.07686178,6.988968487
0.095678257,0.084573776,3949.42831,1979.242906,31.18638896,4845.530126,1.990204888,3.276343997,-13.9875751,-18.45633752,15.15524584,-7.402670902,-14.84084368,19.7015741,26.24586857
0.12470235,0.101188379,2904.072517,2256.584433,19.67573176,5364.06977,1.584609807,0.401086822,5.48190214,-13.53449225,16.2339756,0.649912928,-13.85002752,20.2484084,37.67656368
0.061626413,0.124003904,2503.553141,1093.583671,30.02414285,5770.55874,0.911013823,4.087244384,-2.453132128,11.28007302,11.35810072,-1.869529099,11.68759753,-14.05088488,-15.79182513
0.111326973,0.06541589,2577.905114,1780.909444,37.18481331,6131.789776,0.791457686,4.708469369,-1.786850008,16.33750191,-15.82078733,8.810716958,7.491320177,-20.64081557,32.12573047
0.144986794,0.142046558,2837.787074,760.562007,13.04956872,3519.634301,1.866739205,3.278950392,13.5763215,-2.073166119,5.467716574,-11.15048721,7.082948506,30.93611555,-38.9368263
0.135560521,0.173423255,4140.066175,1461.278319,20.9881526,2059.87266,2.756032583,4.777373051,-3.579807146,-10.79662033,-3.756714698,13.04869503,-10.89469857,31.01133947,34.64522917
0.152471942,0.158171688,4568.338756,1719.167672,42.27861964,6340.661974,1.359894216,0.84201834,-9.144744197,14.20437688,-6.141228517,18.92181398,19.18937339,36.70723186,-37.25113377
0.124144055,0.017527577,4821.338746,2130.560649,28.38659482,5213.939596,2.332500268,2.439339328,-14.45389884,-14.90752485,-12.97310808,18.41065434,7.72677441,41.32405526,-10.27127094
0.086738092,0.10129632,4147.613545,2876.327631,31.86308568,7016.706219,2.146653387,3.048852996,17.94616324,-13.20966007,18.62612699,-19.4057551,-0.754972327,1.134239886,29.72953658
0.102065847,0.029936734,2261.627583,2001.627666,27.31264009,6928.330177,2.828887286,2.950509572,-10.00164075,4.38114039,3.407791416,-5.210487565,-0.557698324,0.151629469,-35.00825727
0.117447785,0.055988553,3752.538824,2358.98479,11.75599771,7059.957007,2.552452543,2.067162718,-17.91816645,15.36980696,14.50700652,-2.267187169,3.434522021,29.8295179,-27.07486048
0.078167492,0.197465893,2750.412496,1765.665149,16.62999119,4910.56796,1.916513147,1.756613606,19.53048461,-4.445940141,-18.10337455,12.04686013,4.175228763,14.99639308,22.22525684
0.087077231,0.037074153,2018.682488,2085.260078,27.82166555,4001.770375,2.142576246,0.72143771,-3.670499226,-8.781471032,9.24411932,-10.31266218,-13.13160044,20.19668773,22.00365365
0.09555211,0.104788749,4363.486318,677.3305403,18.36741862,6749.349216,2.745966166,2.019538008,17.34461511,14.69418556,-10.65563872,11.13487618,4.342863727,29.57926694,14.11476329
0.126987984,0.12744959,1153.705396,1135.978952,11.99916115,4707.764678,1.498796961,0.897037994,-15.18916147,8.141133607,5.794241737,-5.042451456,18.03765407,39.00053418,19.39484445
0.048846608,0.143468344,4607.047969,1404.632733,43.74598656,3100.653178,1.316986765,3.698391815,17.72082839,11.80291525,-12.74998978,8.480318448,-4.601651094,-16.20048431,4.272444335
0.080944259,0.11633325,2845.909858,1681.233388,49.24770117,7129.844117,0.527027709,1.123271584,-17.9092533,7.421544823,-2.551423315,-12.20824789,12.64134009,-12.44170474,-24.82009411
0.12663281,0.011856461,3548.805907,614.1218638,41.72571496,7295.359261,2.566377685,0.386969996,-16.20926116,-19.72847304,-13.88227254,-17.24039965,19.83209471,-40.60180602,-15.43040065
0.095592948,0.072027649,3637.415689,850.0602439,44.15139687,4797.858537,2.502451751,2.806594075,-6.599657202,-11.7086991,-4.888127044,-7.332625759,7.092158372,7.8280141,-31.84022832
0.18023564,0.108365212,4580.470963,1192.035769,19.67908521,2454.198364,0.761136295,3.01662569,-9.796511103,-14.91865696,-17.658536,-7.783460058,-13.69355893,-46.40577262,40.84505613
0.026300039,0.026694635,3546.678729,2928.831727,48.42507902,4326.95654,1.942143453,4.372374,-8.195645593,9.336073973,14.85107952,-12.2967347,-16.09524958,-3.440198187,8.339179477
0.031466636,0.076619117,3455.734339,1328.367518,17.87702818,6821.225957,1.659954245,2.927209901,-1.925238214,11.87790016,3.617044124,-16.12330692,1.920859889,4.264463471,-9.914858324
0.063211002,0.016308591,1266.608162,1705.102645,48.05719241,7410.644171,0.796772739,1.792856183,-6.681990122,6.77648257,-11.35456751,3.634876919,16.52823847,-21.34587479,-3.799419636
0.133065091,0.024929914,3073.632088,990.2442818,49.79277176,3220.836455,2.951420568,4.034758219,19.24117956,4.548318782,11.74149609,-16.57601789,-12.66168461,9.083326057,44.72833396
0.170147347,0.085415422,1600.676003,2026.950178,38.46891223,2401.841672,1.036739719,2.747366577,-6.300991233,-15.68150208,-17.21416529,3.557440903,0.826214149,-46.94997501,-34.66485969
0.137206718,0.035215993,3949.735075,1201.708039,49.24574927,7264.102719,0.66808545,0.488473395,-6.824877319,3.511816203,13.89186982,-2.34902653,-19.28168545,-46.26518113,8.622983202
0.094068309,0.117832761,3048.887683,1017.481446,32.78159118,4336.429634,1.987118449,2.872667746,4.707783448,5.776926785,-18.86650198,13.14121038,11.53100833,32.26005607,0.588867888
0.052127679,0.140998344,3720.911117,1791.431571,20.38167133,5250.565786,2.347166693,4.549290873,0.34155566,-0.92984498,-9.173015761,-18.83317326,4.204064889,-13.98093586,11.14542354
0.177651682,0.162111473,1166.691602,513.7644979,27.47983543,7808.394872,0.581108615,2.041931865,-11.7570488,-2.350813236,-17.39996844,13.0123361,-14.96237436,-37.29394873,-48.18898162
0.108684577,0.048028546,1339.168064,519.1600816,33.74243742,2399.388367,2.146794097,1.551996429,-1.501727317,17.63863151,-0.545115967,-1.495229123,11.40287446,2.224326005,37.21239089
0.148551566,0.041821691,3865.293552,1047.672023,12.92326248,5889.908045,1.83072969,0.803000339,-1.285621495,5.864845346,13.20130735,-18.02905386,14.09755543,26.99935531,43.21182825
0.084999309,0.02986789,1288.337344,591.8034063,34.89373058,2444.632535,0.758162522,0.842083057,-14.69584037,-10.66414922,-1.865175776,0.684835525,10.54441918,-28.41789725,6.513318359
0.067606819,0.130921747,1285.026911,770.0643853,49.24711347,4252.813571,0.931309692,2.220580273,3.229485592,-4.47467676,-13.16958866,-10.92651591,3.020040739,12.28904758,19.66508239
0.172589446,0.144230388,1048.433901,1347.151623,17.60430599,6822.887271,1.919935743,3.018831138,-6.670330378,3.801853797,-16.39217199,4.240600099,-16.41472907,-41.4652535,42.24993812
0.143994146,0.016001368,4826.005593,2506.464199,41.70380465,4600.833397,1.240894034,0.495015485,-0.038553084,17.26140197,3.3333164,1.535367476,-1.820690682,-44.83182788,20.72386343
0.101712186,0.187880327,3950.033438,1930.121608,46.31595175,7983.094123,2.845789322,4.703886086,-1.912682426,-14.65937795,-18.0816907,11.01638058,2.827327003,3.135463157,-34.74609571
0.025199907,0.019874544,2413.005634,1781.669315,47.74806371,5354.35571,2.546850574,3.800154725,-15.32484958,19.43433762,-7.654694059,-14.78704213,-12.03670749,4.063512161,7.628836017
0.050728091,0.112846304,2186.142325,1233.722058,48.40542418,3926.972916,2.958918016,2.9744572,-3.442957678,-9.197661356,-11.72651558,6.160923106,-3.351318759,13.74299015,10.67150464
0.069528147,0.144721499,2398.812919,2829.384299,30.85838555,3320.667955,1.149177097,4.159349488,7.792829195,-2.338108445,17.79939142,-14.33554598,5.713335633,22.60913337,-7.58693287
0.154914801,0.175484134,4098.614125,1492.537603,49.09231632,4103.123206,2.924309082,0.492915108,-9.893479913,-2.528913227,0.807229463,-8.202754568,-19.38940641,47.58520795,23.64442356
0.126726751,0.145676517,3645.482444,717.731917,40.29240829,4235.199643,1.578084674,2.436510501,6.146259056,18.24884695,-19.87916515,-10.08270201,17.11165918,1.63003483,43.43670148
0.134380819,0.162328336,1740.782271,2042.66629,16.46685745,2412.282066,1.368796988,3.187456322,-14.59847453,-1.25393452,17.54312958,-12.56671778,19.11973695,-17.70435271,42.55685129
0.087245431,0.074495537,1696.437341,784.5959837,29.07600426,4217.445197,0.625873817,4.16039924,-13.8654069,9.333116349,-19.98358842,3.847306776,16.63772016,29.51861948,-4.91606286
0.13106656,0.164816772,1393.582599,1363.057857,38.73324701,4785.431118,0.631913145,3.939000844,16.93198033,-1.707335604,13.84775465,-1.907060895,-3.024439277,-22.91677487,-38.67619542
0.142468525,0.025221821,3641.210879,1768.529847,19.89361263,6336.426513,2.23002814,1.457639324,16.38221714,-19.27871961,2.281903448,11.49395394,1.653415308,-6.102857929,48.4841199
0.157690898,0.180015165,4057.490649,2685.556312,35.62460734,5940.376908,1.644822486,4.710312831,6.366221784,-4.077806373,0.545335357,12.12182099,-5.053988145,-42.15436187,33.88980864
0.176419778,0.114042551,2060.185713,1733.866451,36.66401916,6252.593931,1.066304065,0.709294623,-17.31625069,3.748231318,10.88127144,13.12851032,-13.17878442,-47.46492566,-37.53373188
0.182338488,0.165286576,1083.779844,2255.646915,16.50798975,2050.182091,2.034925766,4.388154731,-9.023494735,-4.273182617,-4.489426859,-8.525325001,-9.256815827,46.26484147,42.08418826
0.145686844,0.095940474,1328.68667,2982.042097,32.6034125,3306.004397,1.132145296,4.857607223,15.40061298,-11.13891392,-1.45808643,-1.187038083,14.94301223,33.59801205,36.98963621
0.057398697,0.132279762,4871.440139,828.7227997,40.86507644,5970.10573,1.944079386,0.968052264,1.713654973,1.185781081,-6.089196096,0.820821346,6.215327979,19.59742061,1.883805713
0.037586464,0.110016506,2181.77911,1186.828814,29.95582658,4903.936209,1.398021867,3.638123715,5.610036598,15.09956967,-3.274736008,16.440628,19.72654956,-9.104705559,9.127543574
0.099696969,0.149002009,4076.892591,1486.440189,10.48412467,2031.880854,2.558880567,0.297399042,-12.80001534,0.101904269,13.93670906,-19.18393557,4.17955929,-32.67056799,-10.09972961
0.163959557,0.025509697,3498.654275,1554.570446,10.36153876,6826.967855,2.551740402,2.086571843,-8.432273921,12.35910998,12.01456754,-1.719041912,4.260489013,-34.35629573,-44.52383612
0.087239051,0.021466896,2527.758559,1527.552688,24.28117376,6636.85744,1.693375995,2.629788166,-16.35450644,8.744149628,-11.45053248,-12.12185479,-3.489667189,-24.97571018,-16.48027584
0.089454253,0.056949614,1822.749049,2769.027506,47.04776274,5290.514978,1.377047773,2.945161607,-2.651051887,-3.516255615,-18.57551399,-0.080947897,2.166788864,4.922666471,30.28534486
0.157391432,0.040313489,1485.545673,2285.081611,19.14707118,2398.779955,1.406399491,4.686092516,-11.43294989,-17.59707327,-6.979866475,-14.25249499,8.397322937,21.45959227,-49.5367977
0.06736254,0.175638878,3460.051872,2019.763035,35.37454755,6599.090297,2.514286314,3.394028368,-7.373854921,-16.52241757,-11.08199966,-12.47765734,-2.879225902,16.01973767,-16.65008283
0.070695173,0.051650658,4098.535123,1273.431795,18.88303483,5502.281526,1.320448707,2.458261961,2.936065036,17.11602519,13.13512582,-7.080850665,-10.50982545,-22.00661031,-10.18313064
0.133061191,0.195414399,3575.617014,2559.475961,22.86679959,6691.759863,1.022648434,4.067407678,6.565029571,-2.936323958,15.56477423,13.80902233,1.017279932,45.48652807,3.739560294
0.140690925,0.0740102,3121.208533,2887.651279,43.92168358,6510.481954,0.711720855,4.757610823,8.976893611,-3.84755979,-11.4102199,-5.761264367,-8.635834031,23.78969167,41.98556164
0.047517319,0.044602404,1167.804894,2552.995706,39.15445769,6818.012432,1.666732802,0.208124129,-16.4069699,3.630148854,3.97454207,-3.249640381,-2.726252308,5.435405251,-15.36540056
0.055243657,0.160042716,4873.95511,503.912763,13.81597109,5108.048398,1.705330247,4.914354234,-12.1406939,-9.942793913,-13.05711423,18.31341218,14.18469853,11.17207462,-15.30467981
0.0731023,0.135154477,4194.856767,2091.003425,27.14808084,2841.947109,2.602271776,0.522047481,-13.42429263,12.16436984,11.67844058,-14.91275243,-4.057631034,-8.039993757,23.75012481
0.074855486,0.104657186,2171.288147,627.8384536,11.16679055,6026.94484,1.053096741,4.090495218,-10.77445439,10.91495746,-6.441202953,-14.27674418,14.31556741,-25.22690105,-4.778205911
0.090607429,0.115519075,4919.881317,1144.018051,29.23560586,5722.84271,1.452478184,1.473640288,15.83248406,-17.68847212,-14.37386643,8.665277468,-2.50873407,-14.40273213,-27.53951771
0.076441912,0.146648338,3407.526359,648.8117509,36.49736047,6453.519123,2.521014347,0.747680323,19.68063878,7.466016934,13.65427085,-3.406095738,10.71443693,25.78461105,-4.756048387
0.176088797,0.053406401,3329.690633,2009.488632,14.74010494,3019.286036,2.559059027,2.255292635,3.447294164,-5.710321273,3.082133669,-6.309376288,-16.64505046,-48.56065114,-35.91429796
0.146390991,0.199303444,3992.292718,2216.474784,21.55539756,3169.851199,1.46152769,3.255387239,-9.515481119,-6.278239768,-3.571983977,8.816642764,0.461447769,-38.39273595,-32.36130135
0.132361601,0.195210701,4247.079152,786.2190952,25.91346502,7342.457103,1.647810058,1.966664041,-10.32289088,15.05169394,-19.23826363,9.298185165,17.32452885,-45.3997358,-0.163222726
0.135968599,0.13356188,3625.914429,1459.597208,46.78124099,6499.866791,1.258214727,0.367370501,-15.0261873,-11.42912763,-17.42037278,2.971741588,4.88117917,-45.92711977,-8.10745505
0.159272647,0.047913066,1512.382985,1640.591272,49.73020062,7449.370932,2.831387196,3.037359584,5.963224081,-5.990535427,16.68394021,-14.64100533,6.860472291,35.5460584,41.48459011
0.071658441,0.139243366,2353.070024,1422.632554,11.79645196,6552.291927,0.796609414,4.521776053,-2.283436078,-18.63297644,-7.21391751,12.41731654,7.588061394,20.36578594,-13.76061009
0.024672154,0.023717698,4712.334561,802.5625012,40.44031694,5582.931836,2.834373558,1.977755293,-19.6119858,-14.39820751,-7.116776987,3.143413944,-16.99625417,-2.582617091,8.058835028
0.123427716,0.015823975,1898.462447,1547.369475,24.86896266,5924.796422,2.20966613,1.16003061,5.148855481,2.149129256,19.45656074,9.291622697,11.07785554,-40.21658393,13.22642879
0.141976012,0.058959749,2488.668095,2377.94512,25.69832745,7334.767544,1.828930382,2.268628995,1.082837541,-18.47188865,4.608595864,13.12173143,-13.69997808,-0.838412488,-48.69055434
0.048301761,0.097898362,2728.307532,677.5191613,40.17059893,5472.840527,0.581647652,0.336977284,6.704068543,4.377811893,5.742084919,-16.4797589,15.74138334,-2.652822922,16.3537372
0.133748356,0.174971776,2757.619959,700.4500352,46.73705729,5794.347946,1.68899048,4.120389164,11.26092518,17.23230689,-10.16998751,3.078366005,-9.01821661,-32.67981301,-32.19640331
0.135799184,0.148162123,3451.75833,1386.92823,48.03714378,2938.860296,1.519370263,4.149069974,14.12691915,-9.416115525,0.780074191,-1.978538437,-19.53420402,-6.614835076,46.10703175
0.106619143,0.151114239,4772.303351,2854.314279,33.08490344,4843.527321,0.90304703,2.981202271,-9.000832321,-16.81419484,-2.815890262,2.172903923,-6.850160466,-10.14952656,-35.13372722
0.041956468,0.090843734,1962.770847,2171.431617,24.28484637,6298.382672,2.141024009,1.830204156,7.860287339,-4.958328356,17.70438841,12.71939084,3.507778781,11.58500981,-8.537587627
0.12714352,0.075727649,1486.005505,2196.674892,41.50196343,3625.65619,2.927877268,4.018938486,-15.6830178,17.27776559,16.54312046,1.014419273,8.996410873,13.50936509,-41.46503319
0.196362225,0.080497365,1789.881959,1404.799977,20.04005533,3213.525083,1.905472028,2.817966421,-5.321686727,-16.64408157,-17.90894511,-9.861714813,-17.03012563,-45.46959902,49.68742518
0.03656169,0.197653417,4547.699601,1984.151978,32.56296115,3882.960849,2.286883191,4.147068312,0.705557428,-4.721679238,2.572042587,-15.41868527,19.87962011,-12.53873854,0.219501033
0.046041087,0.017620746,3583.243251,525.3279601,24.34313846,3449.003768,0.671126131,3.194148084,13.84476742,9.428719471,-11.53132886,-14.18855961,-7.348306051,12.58599157,9.538501732
0.126220082,0.174735984,2143.627157,2090.240116,36.26524295,3289.475822,1.54416749,3.943586819,12.76429305,1.885105703,-18.36859946,-7.399668992,3.021980313,0.313625858,-43.29235226
0.126936125,0.119948328,4263.787756,2783.217369,19.61595652,4549.105057,0.790896213,3.032958667,-4.290595431,0.175228172,-1.426730208,-9.864075698,0.201121846,35.64898412,24.99604704
0.09640339,0.09333693,4445.479985,2031.433671,17.66371783,7447.031083,2.031989589,2.129291234,11.36748717,10.53140761,8.904468993,-11.81982645,-6.48120083,15.86936316,-29.00944069
0.152068254,0.147798955,4386.057355,2684.246484,46.72956347,5042.35788,2.846205396,4.793934714,4.486346358,-2.681078006,-17.15901729,-0.48493576,8.086573146,-33.70655729,39.80542894
0.151870653,0.102467099,4675.706135,2309.932639,14.07214732,3127.522285,2.154444331,2.751457742,-7.027453445,8.646581527,-14.58324601,-8.348250112,-14.21157455,-42.94312526,-29.48603595
0.099278452,0.175950415,2008.964081,801.396041,30.23831631,2461.830016,0.692007621,3.064938641,-0.973798763,4.112301291,19.43966289,17.51058237,14.48611833,14.24192782,-30.93122793
0.19316442,0.181133354,4020.167715,2756.133268,18.83411132,6176.936871,1.386665512,1.180389433,8.392188531,18.02368052,-10.21534904,9.84523913,0.832623446,-47.34886895,-46.34503322
0.026300068,0.090126976,2842.157989,666.1096109,11.55719853,4296.792587,1.876658449,3.165688868,-12.06509841,18.46561969,0.458701602,9.356814812,-3.558112258,8.577558127,-2.793305489
0.129731725,0.062597281,4367.994212,1834.918681,11.44075273,6930.98568,1.50801939,2.900877482,-13.23584398,-14.95456855,17.30582869,4.198000526,6.379602325,44.02302414,6.484113326
0.12851335,0.122546562,3913.962709,855.3428095,17.00887088,5957.064612,2.584110026,1.00570815,-13.1122293,-9.161471685,-8.574936013,-9.16363107,14.21632648,7.547417788,-43.42913606
0.086693124,0.183349036,4105.789786,529.2665268,44.67081418,6777.448703,2.536677512,0.391976777,-2.827089372,-3.684602926,-15.44218922,7.045671544,8.083887535,-11.18300738,27.55276167
0.04393872,0.050025816,3624.647351,1555.08565,21.29914976,3631.676237,2.02957755,3.061360667,12.39154115,13.48876572,-16.26850461,9.551121157,18.39666759,14.32882184,-4.671116525
0.014096161,0.128363651,1709.715078,1237.601769,48.01836682,6154.153535,1.433644863,3.84209212,0.044788033,7.478097655,11.67626154,3.320745898,16.35670976,-4.174710951,2.439026933
0.021797646,0.129996442,3180.107676,1715.001234,33.26489172,3584.371908,1.138340934,2.664666718,-14.90001093,-16.27878501,3.57069355,1.284718898,-9.344894343,4.561678932,-5.923725306
0.131918689,0.149291474,4938.678958,1942.999717,27.46456759,7634.410877,0.764685796,1.211185864,17.11736805,-1.836136265,9.379481613,-5.313047423,-19.24476486,44.14648088,-9.923693912
0.037483209,0.03499786,4749.552266,609.3476808,33.20355339,5818.245689,1.387244209,3.365957686,16.595446,-0.432139281,-1.98939226,-12.02476724,-7.693796506,-11.38973622,5.964033131
0.167874349,0.146006743,1172.694943,807.5082378,30.66793541,3947.070801,1.532931293,0.49251806,10.99433609,-14.81174968,-1.84984959,0.277204643,7.495596507,46.11905638,-34.47597541
0.150217611,0.182716179,1659.259263,1896.605991,40.35105015,3617.071174,2.189557313,2.264985154,0.875378477,6.548179157,-4.755979456,8.778809253,-6.553386457,40.5350642,-31.80718695
0.137809272,0.044139791,1526.915094,1357.918383,21.29984264,3145.55951,2.145399561,0.900497116,13.85272051,9.292030824,4.437861028,12.81171842,-3.83560609,-30.42088652,36.1785621
0.180774168,0.055133232,3903.91964,2322.933719,24.12201566,6167.845753,0.675270349,1.00384935,12.05667244,17.73712429,-16.06021433,-9.395069542,-0.197762174,-43.06386991,44.61154621
0.122111409,0.194565068,4271.141319,2130.729121,45.7637721,3312.293678,1.488148289,1.091240351,-9.405349687,-6.005532231,8.332961963,-5.286112754,2.210532904,-39.92219986,-12.66906837
0.155551917,0.044385621,1854.045465,2614.010907,47.85826053,5571.819596,0.954447168,1.99486458,-2.85099433,-12.70659266,17.69203752,10.20272817,-11.67901749,-48.17781743,-22.92553269
0.125470286,0.172333168,3023.410772,2231.232067,45.7023291,3587.810162,0.892031763,0.350636008,5.307081394,19.04055702,-7.575961144,-1.561216311,6.960054843,-40.55570392,14.39995432
0.059621476,0.103532793,4362.812112,1574.827693,26.77791976,5971.813669,2.568255374,2.049187861,14.25140512,-15.504681,-6.090486578,15.05683774,-11.93379155,18.30067734,-9.12658289
0.186483499,0.056973904,3931.206179,2182.416556,41.21462012,6889.638371,0.604788042,2.607366491,-3.230030027,-12.24024175,-8.605892936,0.206560732,1.253231707,-42.88113515,-47.46136443
0.113291046,0.175442481,3168.948822,1188.452936,29.05342933,6668.151459,1.54795719,2.468141996,-10.13246281,7.812757985,-3.622082495,15.0525588,-8.080808214,-18.10243697,-34.38474026
0.118635245,0.094607998,3361.390762,1265.783747,29.90159409,6565.107986,0.920509139,1.975642092,-1.514381069,1.96576061,17.96449828,19.94469277,-10.58371005,34.4875311,21.59722288
0.146507322,0.107815297,3033.442188,2472.4629,18.18720436,3126.334434,2.698325539,4.21181838,-8.239864456,2.395724061,-7.963237073,-13.31462741,-3.713050456,-47.67280643,15.89239419
0.165573189,0.07825434,2190.193805,1616.048791,33.64521213,2530.309682,1.892601283,0.812100793,-1.287903519,-17.16513197,3.927297822,-9.423828083,1.104978274,31.44684826,-47.29040075
0.103030114,0.122660662,3260.087971,2495.950851,17.44543591,6193.692971,1.078451591,2.577914045,13.76838343,-2.704145593,13.14668574,12.91552273,-12.44519253,-21.81452252,-27.80278381
0.136160925,0.041069536,3755.541208,2556.055934,23.26258796,4210.083283,1.756068218,0.404002943,-13.15261025,-15.82070419,-10.49935518,-4.803979107,-0.963746901,-38.18351724,-26.89252034
0.076166775,0.084305492,4493.291663,2643.905844,44.20120806,4594.077358,2.328715899,0.448662827,-12.44280745,14.37738331,-9.749803044,-4.792200081,14.85087404,19.67371654,17.18927436
0.144984524,0.194188341,3545.165416,2791.58809,18.28303237,2186.894557,2.895295022,2.911942663,17.03154198,16.37060174,0.486798237,-5.594315434,-1.398587011,12.89428468,-48.02894622
0.159476854,0.059045352,4044.486148,1577.463051,12.84633141,3557.458696,1.051115011,2.873490282,-15.76176355,-15.51035712,-8.351067257,4.567348959,12.17281304,37.74720135,-39.5891418
0.111096719,0.134779966,1640.28654,1297.167046,12.7603037,2202.058423,2.71545443,4.402364213,-6.060880968,-12.83281301,5.88280665,-1.429105227,-0.187294123,23.50710438,29.99160854
0.128886127,0.071786112,2846.229898,1955.496866,47.63138082,7275.114636,2.835760285,2.833581011,-1.452967769,-16.45910739,4.359964442,-8.471521262,-13.58763842,30.34809304,-32.14553379
0.077597205,0.156959894,1037.326479,1427.931059,30.27681752,3460.380099,2.791051361,4.802976,1.177429622,-4.180436953,-7.106461677,4.415754666,17.56434793,-21.79654274,15.27461079
0.121120625,0.034865996,1986.715458,2002.685417,26.37648287,5344.023017,2.088535892,0.338604757,17.33653282,-5.47469639,13.78836668,-3.264666491,-2.365795492,-32.25604562,-26.1817219
0.137754701,0.194265999,3905.84686,2263.964657,42.43514324,2233.875924,2.074551636,0.580237655,-6.634543525,-15.70555526,-14.17485046,-18.66248058,-1.190036587,25.06147516,-40.05586072
0.116657457,0.096220013,4967.239805,2221.012546,43.43303712,6001.084348,1.508026583,0.315922722,0.190172943,7.88364553,3.472817803,13.31116284,-17.10913164,30.68347393,-25.6827809
0.157001316,0.054849588,1396.712398,1436.382218,23.28764132,3938.164075,2.380994706,1.007856567,-3.913744726,-15.90422149,-17.53977054,-17.94662515,-4.793994322,49.0505142,22.22669319
0.106785027,0.023964382,2605.977263,917.1505042,37.7447223,7387.515122,1.828235046,2.752223544,-14.64235122,17.75155557,12.16811629,-12.77380392,-3.737287684,-8.738232309,35.56964681
0.103251678,0.042254002,4200.283875,1576.323346,40.84491263,7328.709134,2.193595178,3.263303689,-0.089737456,-6.275379343,-10.3237691,-4.059918848,-19.23308357,-12.79819142,33.02198646
0.085981294,0.10875705,1816.142539,856.4853602,36.18602747,3951.74371,1.57114476,0.323367274,9.48910709,7.988523086,-10.14917064,16.13631023,-15.82514168,27.64129607,-10.28164704
0.067495152,0.074030604,3220.339797,2725.242588,16.06380299,7405.765374,2.32874116,4.73525736,-4.413703108,9.664120789,-4.542265963,-6.788232981,3.8142289,-15.91964597,16.80851366
0.15221511,0.16748784,3932.285184,1364.693652,45.03532334,7976.946041,2.561178794,4.226610346,-12.04332745,17.45410231,-19.25901693,-2.488909124,-19.1349203,43.07573256,-29.50157046
0.120647431,0.091868629,3463.941801,886.1493681,31.56378211,6952.493985,0.866090642,1.553401163,3.593375778,-11.97534516,-8.506786671,-13.5241756,-10.028186,35.84127518,-20.68522697
0.117389551,0.057255712,1752.098938,563.6193998,21.29889705,7069.228087,2.582324289,0.478218898,-9.7998539,-9.497990799,-18.42987788,-7.782230938,9.78414716,-7.100597262,39.63358185
0.159713399,0.127257547,2421.538275,2114.555966,27.00912742,3494.052417,1.850741329,0.932446659,-4.074020259,3.198712808,17.92213127,-17.24996192,0.295763754,25.08710678,-48.69980765
0.141810665,0.144287671,4135.167138,2092.255794,11.50284362,5460.214393,2.611664773,0.722027627,-8.078299088,-4.675942656,13.4228284,18.68852827,-2.453784746,25.45428741,-41.44914691
0.143670293,0.041737963,3216.906057,1351.510416,15.11467205,2403.535484,1.578254266,0.704090519,11.2293092,-11.39980927,8.625422022,12.00217632,-6.155710369,-39.68761312,-29.21137449
0.181185565,0.041847651,1020.918454,679.2797221,40.62187002,2569.507621,1.447601213,2.640952274,-10.9428158,-0.771437741,-0.04595905,-11.39659085,-9.125570931,40.25529067,-47.34677961
0.092888589,0.016967571,4043.96304,1524.072237,10.00046539,7993.355672,2.787651831,1.304652468,12.84127788,-11.82066155,-12.55339857,-14.97355418,-14.4648575,0.525237245,-31.85645649
0.09820806,0.149916383,1141.24542,1278.043738,26.66263314,3959.835497,1.127923169,1.854884611,5.51288717,-19.62620186,-18.68092225,14.0755193,7.360994468,32.64574661,8.304156097
0.057247069,0.13612286,3982.935131,2192.801599,30.90040724,6489.103472,2.610530813,4.948576134,-0.325725144,10.73871183,-11.13410742,-9.220397995,-10.29140053,-17.9950399,-7.857544941
0.162490272,0.100179866,1809.922241,2014.448124,12.1853768,6839.990318,1.710051431,3.45313982,-11.41773915,5.36220224,10.43565892,19.44111713,-12.78304712,39.55232285,39.26717111
0.098024535,0.170392385,4832.29392,1411.48432,48.92312652,7148.139626,1.785238606,4.750005269,-4.035628018,4.616030188,-5.390231935,-4.288574147,7.825630138,-11.07983213,31.74435617
0.14988416,0.163077329,2471.763005,1044.731386,19.04501325,7985.769784,1.271170704,0.79852712,0.696051593,-19.40155207,-9.418148551,0.561232779,2.925969919,-48.91623485,-15.81826483
0.137432445,0.121217329,2307.726465,2970.089915,22.16794879,3448.978912,1.932605502,1.972483427,2.395326623,11.58694455,9.552202003,5.008461354,19.45528687,40.53819764,-24.05765666
0.124213476,0.174971543,1595.552201,1635.004053,22.15770049,2242.104961,1.313027991,2.818185836,-1.584552973,-5.42360536,-5.879809961,5.454908228,10.05092468,-40.87133232,-12.03075918
0.058889774,0.04910983,2222.416862,2220.685589,19.21666648,4467.149108,0.598173536,0.476114503,-3.626203165,15.81650845,-13.49731725,19.82065794,-15.24589686,-18.06863624,9.029494251
0.14761237,0.031264728,4506.603047,851.3824189,10.05895288,2780.484019,1.179996513,0.120518474,8.409733677,-15.38400567,-3.727628346,13.91886773,-5.293678158,45.00619671,-23.19363592
0.136267283,0.061252426,4985.337351,1713.974249,39.17379176,2134.555335,0.515947609,3.385128236,-16.85891256,2.421574097,-6.717044367,-13.80232859,13.96138053,45.06071469,12.41489078
0.033998935,0.020846503,2473.238122,568.8417997,48.67381999,4162.560963,2.945886968,3.244915632,-13.01664061,-8.557597934,0.673470709,-9.46545524,-11.60541291,7.343788812,-9.058834781
0.041323339,0.11092221,2794.442524,1763.637795,18.97173933,6702.429506,2.914368025,2.112865169,-5.381940614,17.44585342,-17.80380436,6.935659161,15.65130659,13.18372122,5.204718085
0.02393102,0.187955082,3888.283753,2910.043518,36.52188767,5397.084147,1.487888244,2.499255973,-15.99034519,8.710421793,7.192725009,13.23689963,-18.33616175,-5.155447802,-6.387347086
0.085002353,0.017475273,4544.783122,1460.516782,39.67585308,3876.667935,2.320927136,2.135670703,-13.25941426,-18.78305841,-6.874112779,16.32758383,-16.12191506,-20.67892283,-20.55342405
0.139961796,0.033200884,3372.177337,597.4900314,43.93701516,5926.052033,1.364515246,0.21762472,14.79623736,4.197632528,4.563629519,1.276427875,-16.32598651,-17.13354546,44.8453307
0.091848596,0.095917815,2566.102793,577.3894773,26.90516788,3392.109082,2.177732893,1.74332087,-7.859595005,-15.65570391,-1.088266188,7.085099543,14.9802118,17.25184561,26.36057942
0.128151085,0.187436253,2650.487363,1469.9669,22.11723623,2086.288676,2.513575108,0.967703051,-9.208157684,0.457456252,-2.394062111,0.497142055,6.90854446,25.23745294,-35.98868242
0.136991183,0.07006966,3782.472586,900.0623412,23.01180536,6586.120319,2.866890612,0.582278527,3.523449834,2.827586463,-0.629352076,1.999159455,-0.328374695,29.15790437,36.84679759
0.084516252,0.106374614,1012.873054,558.3802408,38.50485332,5742.458509,1.50053069,4.787930126,-17.5825382,-2.269862341,-12.55020247,-0.586204115,13.20708972,28.96181428,-1.256880175
0.165638702,0.017898843,3478.35735,2390.534035,42.67117866,6573.815747,2.458244957,3.036862653,-7.008043385,-8.264412977,-18.66328021,12.63283404,-1.984671478,-40.8793897,39.45522269
0.087436491,0.038185208,2421.972042,1646.307522,17.26455871,2233.6281,1.164821127,3.670415793,-11.31438384,-5.054367261,-6.683516151,-12.9538435,4.290666804,-0.55796953,29.98552559
0.130821388,0.197459723,4176.789325,1223.11193,24.83764033,7022.717767,2.975830759,1.645282342,17.11240247,-6.693736007,0.12837667,-19.43681347,-19.72169651,-44.244124,-7.478649553
0.139968617,0.193372552,1371.962559,2750.207958,46.07760787,5717.1572,0.564423997,2.026420935,-13.91408452,16.48918488,15.71183758,6.156045855,6.889365992,4.952888232,-47.75306917
0.069562002,0.010938596,3352.809068,790.3474005,42.26774079,5380.372104,2.008822016,1.26092757,2.508461734,-16.01076111,16.87822521,-14.36918169,-11.00412777,-5.846949863,-23.13226406
0.113683164,0.190844239,2923.89156,2889.797072,49.39433611,5747.684289,2.148764954,0.575131788,-1.591735274,16.15069046,-3.606093075,0.99736337,-0.914809304,38.77041828,4.163421466
0.058340202,0.131432788,3569.302104,1284.916793,40.16993039,7186.599481,2.220113893,0.977255023,-14.07464312,6.153198553,7.248370313,10.08619569,0.143075854,-14.90849874,13.34782198
0.132085108,0.174904476,1259.414378,2721.009181,25.72780804,5521.619039,0.800968947,4.007818822,-2.313835449,-17.72637717,19.13977859,3.537342257,2.278083667,-38.29329836,-24.21123146
0.147948478,0.096400573,3319.93515,2007.357191,33.62551336,5485.702279,2.846324459,3.419974445,-11.14893636,-13.54332049,-5.120209608,13.88048142,13.11648249,-35.70083179,-36.06439259
0.123886493,0.107963245,3245.938352,2566.768399,36.44057017,7944.074942,0.952958198,2.779951492,-6.489760515,8.121267999,-11.09585454,-9.551993149,0.476084851,26.15106317,33.49302368
0.145369993,0.10288085,3242.640378,2960.032908,13.13823265,6540.381002,2.056883508,2.427940377,-15.89861848,4.503712331,-16.23158546,10.17129332,-19.17956323,11.82180633,48.44021807
0.116531712,0.136704209,3413.950666,1221.013595,31.77987836,4653.762833,1.056690198,4.61992799,7.273321281,19.74006242,-10.70657816,4.95782299,-1.587144398,-39.88773239,2.56901823
0.154480891,0.036533738,3705.871749,2902.838714,38.37283314,6244.382,1.268041043,0.456401244,16.98491271,-4.096325228,4.996898792,11.19274702,11.35701117,-41.58931939,-32.83207142
0.088541725,0.015694982,4219.955999,1473.704737,16.69285216,4335.38283,1.866146354,1.474943985,-3.317790551,-10.83533544,-10.7283889,16.05599765,13.35666402,20.09691315,-22.76926735
0.187696917,0.068506689,2079.282881,1463.779762,41.2252687,3373.252775,1.542983546,1.814695482,-0.07397119,-1.694725018,0.755581266,-14.40324091,0.525660061,-42.72369936,-48.16093235
0.152953564,0.143889345,4300.197641,1350.967761,33.35091122,5581.111261,0.900564002,3.93388648,-1.179971236,-4.484058842,-4.961603614,5.601951877,-0.208225802,32.18600593,41.42988066
0.126629353,0.048352156,2993.022729,1853.519018,48.08887143,7569.092589,0.927341006,4.963321639,-10.92396931,17.17122607,8.697378035,10.5061396,-11.94154017,20.62422272,-38.22489171
0.12407761,0.137952162,1308.233117,885.3626079,11.69689193,7574.83712,1.54536197,1.279285522,-13.31216582,-18.86170433,5.174197705,19.03932478,-6.751447415,-41.86512194,7.651647551
0.137802764,0.194283289,1234.203717,1884.278713,20.6130455,4051.431669,2.393207446,4.384105937,7.157816971,9.003840756,18.60126492,-9.58410565,-19.26174324,-41.51622859,-22.59447793
0.142753975,0.027841136,2336.953275,1854.262031,34.06215517,5166.064797,2.744911617,4.170051526,-1.04959385,11.98314576,3.224790419,10.92360566,-6.693080539,48.66395785,5.417800252
0.057380335,0.137794402,4139.587908,2404.754532,21.86239649,3269.815391,0.710319156,1.200821248,-13.59703578,11.4930335,19.36659838,-19.20394065,7.961096562,-12.57292042,15.14203884
0.103267558,0.094312542,3830.723739,2584.124905,38.57696656,7973.786657,1.482759769,2.056729643,-16.63993142,7.261041195,7.204387937,6.763200674,17.6933798,-12.93578529,32.97418037
0.125069841,0.174947028,4154.459859,1601.103376,40.3602113,7886.707447,0.750613909,2.10739706,19.17047462,-16.45468101,16.88923479,-0.790531461,4.94968982,31.27995673,-29.35787282
0.193203715,0.04365846,3069.076226,1255.833123,14.10063856,5897.053578,0.541481202,4.893281276,-15.6750659,-2.885219406,-16.05370493,4.763723811,-14.25233571,44.72485774,-48.90041713
0.176871862,0.141598931,2760.795992,1148.337243,30.55417857,6826.484358,2.154296707,0.986370317,-18.18053834,13.825052,16.44937241,12.82509574,-14.88200236,48.60010638,-36.31143699
0.138050701,0.169241905,1589.810107,986.5595918,30.35562222,6290.600968,2.006123605,4.015874058,-8.749599185,18.13743299,-17.85821396,8.370880467,1.284445353,25.33781853,40.00186418
0.114820505,0.189476702,2312.771014,644.1189555,24.77123081,5558.949314,0.907547785,1.737544299,-12.0108688,-10.30757574,-3.437286969,-10.69079033,-0.346036389,-12.37404145,37.38900776
0.124705355,0.139817125,2736.077465,1356.119947,47.3169945,2320.087982,1.084532083,3.681264694,-3.318050867,-5.981191907,14.35255659,-14.93822165,2.625795295,-41.64992833,9.741310217
0.085950989,0.104463205,1354.401719,1175.61923,43.10025279,4728.586055,0.559269384,2.158053921,3.133164108,7.569189455,-15.724665,12.84442111,-2.579798902,27.71469159,10.05168604
0.051039697,0.127390976,1882.447811,2916.043465,37.88837528,6048.717813,2.587368014,2.933962839,14.70821839,-19.91436323,-4.790353343,12.7417032,-5.34987976,5.840424974,16.50366745
0.097188289,0.175091947,3392.901176,1894.272066,38.57306543,6065.189683,2.93672649,4.179797689,-12.86406992,0.522776915,12.56066942,11.07441308,11.5432706,-7.577799075,-32.46287214
0.169212071,0.118415852,3942.652457,1368.192598,28.46864575,4238.735711,0.838648842,4.040411268,15.72944589,15.45505538,1.667472961,5.856069467,1.814514085,40.63543851,41.44119459
0.115800937,0.015773541,4993.390046,1951.169002,46.83978084,7650.15192,1.078688034,4.345473599,-13.64589232,-12.17334817,18.91909522,-13.87546217,-9.229183028,-38.88025177,-8.122947511
0.034138177,0.186880252,4732.453325,847.9917534,37.78381709,3004.142193,2.67102381,0.392124894,13.02685784,7.911881323,-16.71067114,-3.269436764,2.372074883,-0.737489571,-11.68614718
0.142569217,0.141010083,3570.260798,1610.109373,39.15924247,5002.156677,2.816159495,3.49104771,-15.85693736,13.50916394,-13.88998273,-16.6829139,5.671016178,-48.86463552,1.891770528
0.132395544,0.138537543,2684.992213,2065.585804,44.46763615,6145.303859,1.549068457,0.785938146,10.38247336,14.11935876,18.91426419,-9.333752315,8.6437393,-3.133935801,-45.30340332
0.161862353,0.050978279,3544.709459,1722.244579,20.96286357,6182.814835,0.626556181,2.137510983,12.57676789,-1.633634785,-9.928461866,-5.187192982,-19.19055069,-44.36967243,-33.37166312
0.131020221,0.135188239,4142.606472,1504.447002,42.28283615,5891.833741,0.598479584,2.788083234,-5.578683286,11.93983854,0.961506795,2.883992679,14.12054236,-38.11820837,23.80336164
0.165011261,0.084834237,1473.344764,2984.620972,17.80962412,3651.729281,1.934874665,2.073423475,-9.939478413,7.786869184,10.77941549,-10.20841924,-18.02210253,-38.24737532,-41.72013321
0.05288478,0.133734266,2639.619559,2700.786905,23.81367809,2937.239412,1.482237772,2.646097211,-14.49086794,4.486648829,-13.33817646,1.145193501,3.604656894,14.92103021,10.31521095
0.103235472,0.030252676,4359.209143,2058.514895,23.42441817,5815.641961,0.571631069,4.982978913,-1.880075967,0.5153041,8.521258255,-9.059885367,-15.13650602,24.60448793,-25.46508903
0.0404038,0.134990608,2535.331808,1923.443403,49.14101874,5595.812697,1.958130981,0.762564837,8.237464708,1.367595672,7.156120834,14.94238409,-2.709148488,8.33687651,-11.0704386
0.148159411,0.199888608,3287.489085,2051.6512,44.26148895,3076.136062,0.528256341,3.409734622,18.12444341,-17.83462366,3.874274431,-2.886377175,-6.774681806,46.21725485,-21.13062632
0.055690272,0.019160287,3351.077443,1003.28027,38.04679446,6230.834873,2.468429895,2.040404735,-3.621170324,18.12291074,14.6171762,-8.139937159,-13.62867851,-12.51294205,-14.43272835
0.089338703,0.195663095,1737.905013,1487.844358,39.08227046,4731.03195,1.266082057,0.751748015,-7.609416673,18.85189841,-15.28559565,18.33004689,-16.35952772,-21.42879137,21.90459052
0.122665682,0.087312513,2448.941767,598.6488322,32.48291178,6006.56355,0.600645008,0.877810141,13.81676807,-8.127991798,-5.829371147,16.23807677,16.03853984,36.85991282,-20.28782844
0.082877245,0.175443156,2338.045155,1688.865094,47.88362668,7024.202479,1.970880552,4.751438221,1.19099661,-7.130518806,-16.99911644,15.82604922,12.1070325,-27.64041615,6.64046403
0.135230685,0.158653242,1104.786834,1857.56146,29.85035012,3018.370571,1.494211036,4.410047334,4.382741356,-16.35735272,-1.043209564,-12.25198829,-11.66465284,46.32225394,-2.39495978
0.150020188,0.11773309,1096.767056,1069.37434,25.22070839,2114.869208,2.934501033,4.544505606,1.46218684,10.07504977,-14.39741763,-6.069015385,-4.418033421,-48.78455253,16.36711654
0.187045345,0.15030535,4326.788175,2910.072118,16.52141348,6674.615518,1.860496656,4.958510602,16.11104191,18.49166167,6.144118101,13.52636806,1.008088009,46.98788267,43.68297393
0.1494557,0.176917957,2092.28324,2773.636527,41.44822609,5658.184551,1.188097953,1.120745411,-2.242201587,10.20375869,10.03245525,-9.378232608,2.874787575,-45.6840088,23.25720972
0.141106644,0.086786661,3072.315065,2305.358089,39.37775728,6197.837418,2.273597162,1.841652753,7.175739524,17.46751707,13.077961,13.77705332,2.765662818,39.11431137,-28.50596214
0.136919692,0.072136301,2194.902294,1833.466572,25.37420154,7028.92985,1.178730006,3.379173247,15.28192744,-2.224247243,3.55774594,-14.43248789,-19.86448608,2.770110909,-46.88168649
0.159561453,0.136842743,4762.71698,2674.922899,11.00773656,6816.865609,2.760608229,2.470632445,10.87221874,15.00138125,4.566508105,-12.47200073,-8.588880122,49.29647961,-23.77359557
0.127311873,0.163490729,2037.187035,826.6308596,43.55989311,7765.520882,1.436804926,2.150108714,11.94749484,-10.26792288,9.016484928,-17.26606514,18.20394225,-42.62034353,9.50779307
0.131718776,0.154834176,2718.627251,2476.274486,10.45671934,5215.610473,1.874671407,1.853275122,-2.276962683,-13.37003938,19.28178491,-16.15014035,3.568468938,5.38542844,-44.85741865
0.136826998,0.161584593,4490.921002,812.0520349,38.14799119,4930.973796,0.62643276,3.009525097,18.90057929,-18.49775721,-8.594672993,-12.18309653,-19.55381651,46.93025356,-0.36337528
0.029026026,0.09276083,4367.734267,2485.526656,48.81028439,4411.323199,1.565303095,2.9204078,-1.77056744,-12.91834236,5.360030697,-5.433887236,14.09461397,2.309784417,9.684284892
0.061307105,0.165388501,1744.405671,1189.418921,27.50645313,2922.146257,2.580908849,0.891143387,-13.38396382,11.08644785,-10.84051259,1.065690541,-1.938145561,12.93986381,-16.57561092
0.097443706,0.032839721,4210.573239,2692.726453,19.3989362,5435.643397,2.514122013,2.411525204,6.053444232,-13.8369707,5.861403951,-12.69393525,10.02095923,19.5748689,27.09122037
0.115457582,0.113452929,2832.747547,2860.105235,38.1948404,3662.075146,1.060796397,2.812011703,3.502470886,-5.858045832,-0.701941185,3.893972039,-1.101515443,-4.545893523,-39.34017469
0.129328792,0.011094145,2931.875488,871.9899235,42.68512568,7527.845073,1.065197678,2.894406,-11.90129832,18.36175987,0.096111739,16.67914996,8.270611274,12.75580801,-42.48622183
0.07092343,0.071671308,1533.91989,1656.689013,31.85721264,5499.144826,2.543263281,1.129525245,12.77335009,-14.77206985,-13.06507373,-6.364938417,-3.660504445,8.431431192,22.81887562
0.116963075,0.079627692,1322.406055,2952.468445,48.68141101,5557.041083,2.82599605,3.737129822,-16.45727305,-8.34909911,-5.103973359,11.05565475,3.837072485,40.11580105,-0.450868379
0.143455182,0.085272811,3911.757228,1708.51859,12.06674887,4129.547965,0.738402303,0.223475565,-11.93200149,-2.810184757,-0.238285323,-17.79129493,18.18550053,-45.45536197,18.84023964
0.066625954,0.142138769,2985.844609,2658.868806,30.19182393,2311.936112,1.625146599,1.838676092,-15.13508437,-5.464300823,-9.782868758,0.26764804,18.65637184,-21.90368104,-6.51726614
0.150698813,0.083826039,2747.40281,1971.828805,38.73815789,2190.462592,1.343635697,3.923041978,-14.84747705,14.21257857,3.496606552,15.56369593,17.51308828,45.04114841,-25.35979668
0.146972354,0.095251788,3918.032915,1438.32477,44.50561885,4540.010865,2.676721139,2.863075313,-14.62275669,12.56267624,4.244383994,17.98149748,-6.418843235,39.02637839,31.91023177
0.088245384,0.055133385,4062.051596,1214.458889,17.17022448,2507.392269,0.708812287,1.379695919,-17.36631342,4.886676967,3.408813176,-8.764669077,16.40886806,-4.434324721,29.9415879
0.066698605,0.08091784,1635.632671,1008.057728,42.00013927,5641.081733,1.027814856,3.505270285,4.008101884,0.546106873,7.781678961,-17.78064232,-8.618375589,12.01325978,19.46964709
0.092873035,0.053181229,3440.900598,2404.495478,32.10828303,7285.838034,2.381170844,2.880215626,-17.35325113,-11.36247184,-14.88584728,-7.503764093,0.57532986,-22.2618817,-22.78548628
0.094655696,0.023907226,1541.416329,1466.351267,25.86214728,7297.488899,0.628234622,4.001593686,-10.7999819,-19.77116274,6.052795889,-11.90151265,15.60460545,-31.18788403,9.023066687
0.041891364,0.124655233,4005.500344,1778.188656,15.26860114,5954.272461,1.731338452,3.701623412,-7.00703561,-18.98514048,10.00601125,-11.40985337,13.37894974,-3.630159506,-13.90261031
0.12651542,0.136960432,3627.820625,1730.8137,44.61183036,3267.390989,1.605267587,3.089528818,-12.31832026,16.17701369,-12.07583223,-18.96771327,-19.18880105,-14.6647772,-40.84179267
0.124086293,0.127703166,4826.458484,1943.197573,16.29092833,7177.980988,1.336002947,2.492070609,-11.09915823,19.98692821,-13.13909225,10.86185829,-11.0634982,8.365611185,41.73135755
0.162380135,0.098063868,1275.832065,2663.942864,22.39151437,7316.560612,1.486430788,0.752592416,0.946896,-0.585105152,-5.84376695,15.65820258,-13.36488301,-42.2265363,-36.31813691
0.190681277,0.082159298,1228.218885,2951.848359,21.60182128,3179.92151,1.824851467,1.380531788,9.605975748,-2.074852021,17.50103947,9.466269409,-1.683016806,47.43948077,45.02373538
0.142623795,0.174033393,2128.748299,1518.960521,44.85656137,6424.556515,0.903418396,2.153587417,-18.27944142,14.80220772,7.135725856,6.421296617,4.585712757,48.62107445,-5.399422704
