TDOA_Mic2,TDOA_Mic3,TDOA_Mic4,Energy,Zero_Crossing_Rate,Entropy,True_X,True_Y
0.0051106715587234544,0.010280959014127915,0.013548821048552465,43856.9460379649,0.9954420735164062,-31713.83770761085,4.002059513606259,2.67979341851785
0.02903233974926531,0.010194565349669497,0.034561829163654675,44244.32934906123,1.0002494387627838,-32267.446563276928,-9.026615028297922,1.204305023472159
0.003470449171509613,0.010495555789067811,0.012663222805361505,44447.708629368084,0.993673325925758,-32632.891894406563,4.331234950974427,2.543750540924435
-0.006664609610326799,0.026247257556789774,0.02230815746531033,44279.662806070686,0.999705208734892,-32477.13314809553,8.12880767736215,-12.403727658568652
-0.0035680980207812205,-0.02137164209649032,-0.029818715340518734,43928.81173004514,1.0090931767160254,-31814.611630524494,6.730544074872842,13.127126335903121
-0.012071331409596492,0.024265497104790805,0.017060969664021274,43676.74539600816,0.9973922311163519,-31155.171312538623,10.613043573450291,-11.469943551609804
0.024889142282138323,0.02309843910809473,0.04118159679390508,43820.54339661949,1.0048300414975395,-31635.75235935088,-10.323123986631373,-8.977356155564491
-0.0073675532444312155,-0.01510932965069999,-0.032586990356798545,44023.4521328617,1.0005215537767296,-31910.44664476259,8.021509760874668,10.508404181037598
0.009851854822151963,-0.008655985849371474,0.004861815266020334,44343.75656438225,1.0101816367718088,-32440.49058397476,2.0839002368818136,6.619738819389468
0.028544290543610205,0.005816468444576925,0.031675256093489694,44344.86018787241,1.0000680287534864,-32551.435278613724,-9.466335598264042,2.8298299865213643
0.02552242387044892,-0.008405759064694845,0.020651164139063923,44282.48153230587,0.9943536134606227,-32378.893330992458,-11.387113172805842,8.71943437333335
0.024403129615878403,-0.0021173228227190912,0.023478253038695763,43685.21547145369,1.0035148189301344,-31485.54276458801,-4.373840118061562,5.483002138667974
-0.024399086139818615,0.016285062309917043,0.004104103019037638,44037.4364876853,0.990952175786299,-32034.177034391247,11.408741799511905,-3.1748677369128266
0.014268508594063565,0.029154036307209114,0.03674966280689781,44187.52655356501,1.0090024717113766,-32279.214359264293,0.06675415067526203,-7.632647864983063
0.02656161974608653,0.021708692224686556,0.04084543967658768,43947.98748695083,1.0020635388557564,-31844.49020456009,-9.494528639320219,-6.226592711498268
0.014252024551518295,0.005650375340820814,0.017322014340150283,44585.10370452002,0.9973922311163519,-32965.44271249168,1.6931330568469853,3.9748574780027397
-0.01423397696793156,-0.007874743483563052,-0.03262873554606734,44168.23406459957,0.9996598562325676,-32189.742042024445,10.175653916149557,8.157933656742099
-0.010337918943266857,-0.017644273245940194,-0.039440888447418034,43723.48676262997,0.9973468786140275,-31563.94391502516,10.407558384726077,13.471028136764204
-0.008619289239992866,0.02021340512472924,0.016635702984310365,43869.98989843636,0.9991156262046759,-32074.195165338548,6.635973452716559,-2.264912806797012
-0.006685506876450403,0.02406702716644197,0.020954972146609106,44394.73180753201,1.0017914238418104,-32744.04951664617,6.770946771342519,-5.728928184705328
0.024575525407957537,0.023453488922273245,0.04121144085367835,44158.39494331956,0.9953967210140819,-32172.222041209126,-10.095715713563958,-9.251695091294554
-0.012334329908673511,0.021773106718618814,0.01611409312496162,43681.125130658635,1.002018186353432,-31474.411819192865,8.089104707705104,-4.821478359647486
0.004053991074932269,0.0022028926106685224,0.0058811064771451555,44015.750024527755,0.994398965962947,-32134.19617340767,4.059294932003873,4.512818857217166
-0.0230473781163623,0.010371893251232465,-0.0008486762004553212,44448.08095091144,0.9964398285675412,-32630.695613967073,9.189409308484773,1.0756802579622757
-0.023818950584599565,-0.0013957347873850131,-0.027046948026520558,43622.20888160992,1.0027438263906212,-31291.242274055017,14.069716751057626,5.715566413721227
0.026523249803480607,0.022159597137029283,0.04091072337613599,44016.44520598693,1.00346946642781,-32262.082133325715,-8.757046796540648,-5.924898760194205
0.021117757382096036,-0.008590504008886382,0.01750625403954875,44003.642173877866,1.0019274813487835,-31864.633843479634,-2.9447767414264003,6.730606230131055
-0.004190949309972791,0.01324194519747134,0.011088804695058904,44509.37952731555,0.9980271661488923,-32998.39787613297,5.742942124478255,1.2946240303770828
0.005758088786588009,0.028879779985201238,0.032272140718825185,43784.06087130674,0.9974829361210005,-31486.430852295765,2.309486234799767,-12.42231401376618
-0.009937426856254962,0.025015980917499365,0.019200105805868797,43886.50094692676,1.0008843737953241,-31902.00235791749,9.466971119490395,-11.388507189500746
0.02432720394308839,0.024921673612293582,0.04122475115608563,44339.902644428636,1.004603278985918,-32518.07402528895,-7.159009847174493,-7.543282016827446
-0.0291432540956356,0.008491280696497589,-0.011589783213493078,44105.93027901293,0.9948071384838658,-32253.88747779645,14.89395777670929,0.23743429142099615
0.013449279421320801,-0.026564656376742955,0.0024035074690702896,43844.52707763012,1.0085035941858091,-31693.245888152192,-0.5542574964818989,9.717832398797931
0.024486526456404315,-0.008156072595042118,0.020373900413566265,44408.844914358866,0.9943536134606227,-32685.722897436422,-7.469056123429674,7.587127847352264
-0.023870781687198774,-0.00030909495418186963,-0.024601669540589025,43720.6495667829,0.9983899861674868,-31500.327289096887,13.410567986968303,5.1517463953025455
-0.01752431342105815,-0.009946247209734083,-0.03909918883539895,43689.70012351039,0.9994784462232704,-31673.6071889097,13.146195538382248,10.066903269721628
-0.005043151508403149,-0.010364554455209023,-0.019373302899986462,44115.964784647585,0.9999319712465136,-32121.29182494349,6.664255523968386,8.095894404778548
0.020986246125813193,0.0034637341257023435,0.022458020058391325,44067.18739107171,0.9970747636000816,-32121.57485345832,-0.8098803400046553,4.398117365132663
0.00807486988513639,0.029109204772216794,0.034005688503627444,44121.44156658327,0.9964851810698655,-32397.340559152857,0.9723655857185705,-13.121053887383106
-0.025510344644067574,0.015716359191301318,0.0004316285206444329,44329.06717479689,1.000158733758135,-32412.46441209729,14.344258574286165,-4.568228575439736
0.02791085831692224,0.019869671525861818,0.04009768598493,44126.53159292272,0.9968480010884601,-32051.534984080645,-8.857305051068437,-3.925108648696993
0.021694552781804505,-0.01679542288519271,0.01211301908146535,44577.65201649945,1.00546497653008,-33277.68265136287,-8.489282498488166,11.640350020284089
0.006272771366825023,0.02777496060287922,0.030757166123509296,44209.365610531706,1.0017914238418104,-32272.891900474344,3.2523730423617003,-6.25138075403318
0.014563320853095491,0.028834541946390818,0.03793884983485306,44492.66799678311,0.9989342161953786,-33091.644737362134,-2.459431942664361,-12.189900832417914
0.02729040848584843,-0.002586925532904713,0.025794667558304018,43907.668631959335,0.9962584185582439,-31391.11930687212,-12.047108320326391,6.161280556344373
-0.013641419701424923,-0.015783000670812487,-0.041105029765484684,44171.64349505297,1.0039683439533775,-32678.20299345825,12.523204979559914,13.505450734950358
0.02243529830129763,0.026176431196762363,0.041000007771975676,43836.1127733828,1.0002947912651081,-31860.77830820525,-6.499189828847662,-8.992769206635092
0.012105520574446577,-0.01927373662736429,0.0032190897166267537,43790.785022444594,1.0014286038232159,-31585.2118422165,0.6577176204694783,8.355860997218173
0.02119707943937892,0.0258182518834658,0.04091571756399226,44025.78553758758,0.9997505612372163,-32123.88972393939,-9.053980744090708,-12.819725804775974
0.02231553428091801,0.02595043306373589,0.03548027252517222,44341.76003105993,1.002426358874351,-32354.59874771361,1.1728805200748518,-0.005380516011864955
0.018967115997220278,0.02875087502580418,0.039289088380068164,44183.160588504936,0.9913603483072179,-32242.827718801174,-1.8453672424710863,-7.031079520589019
0.02167271445849524,-0.002807223870615982,0.020509663670693047,43932.86105137034,0.9992516837116487,-32176.63417990442,-2.1781933034048286,5.525531302921088
0.024160055653810176,0.023758952341047534,0.04122827708555017,43899.9799595277,1.0017914238418104,-31801.46894693,-10.149840016260569,-9.842265043684847
-0.021758413087940194,-1.1672328331842264e-05,-0.021786546744058936,43881.44014507181,1.002154243860405,-31514.642112019996,11.739452661540916,5.005108560212612
-0.009247956634081825,0.02469573353450938,0.019701064436353485,44263.11229921675,1.0029252363999184,-32205.151999495552,8.426993412583474,-9.082487548524218
-0.026649855613412526,0.014549604828560013,0.000932532599135669,43692.51298013213,0.9947164334792172,-31330.25323417405,11.90099436429093,-2.2937794770829534
0.023213605353464756,-0.013061642931912008,0.016090104802335862,43989.63751074784,0.9998412662418649,-32125.11163855393,-8.531522770354519,9.826618170187611
0.02017254046832904,0.02612680008246578,0.04072104189416115,44326.462343159605,0.9922673983537041,-32533.055892705594,-9.49057928239886,-14.682821641781175
0.028799999869302918,0.003987209816920335,0.031242039200448695,43859.469928129234,1.0017914238418104,-31622.192606510514,-14.212242058402328,2.922138393127888
0.0183475635156016,-0.022051603158777917,0.006133207833023877,43978.94181152186,1.0007483162883513,-32033.767912140556,-5.595978363278938,12.494636829529288
-0.002433813895662918,0.00026664809052456666,-0.002134014714783266,43646.06768688627,0.9894101907072723,-31468.50932652394,5.587270852658698,4.931422946872868
-0.0011661178500575564,-0.018385027471114496,-0.021076808085897496,44061.39830003325,1.0088664142044037,-31973.80428591353,5.46348108502545,10.445040191075314
-0.016797049998537743,-0.012206112837663907,-0.0406210780047254,43826.93103005994,1.0008843737953241,-31766.57575029995,13.70715240452413,11.656968153979808
0.00796662987441263,-0.015540377487615872,-0.0013689986436962339,44193.75458854411,0.997845756139595,-32526.043150287664,2.3374275710617596,8.044932775316628
0.01632171952911921,-0.024887166604421928,0.0010460255478427426,44178.537097976696,0.9968480010884601,-32264.029464215226,-5.404347226031735,14.831548232506297
-0.015589483598575185,0.0025239213756600527,-0.010653200837920889,44540.13169715729,1.0038322864464047,-32968.89724601337,8.736963802111013,4.126062551362281
0.02904536696552823,0.0129908508313322,0.035636341992188965,43894.31410611395,0.9978911086419193,-32018.649184318023,-6.838549508175758,0.931936697427723
-0.02343027468059801,0.0026167752325735928,-0.01712786024097687,44564.642229274876,1.0019728338511078,-33002.50202838577,11.585629967314937,3.863550225525774
0.02908038051078979,0.006743560057074624,0.03328284734187052,44118.125757120564,1.0031973514138643,-32388.10185934314,-14.55615618646988,1.3511201724001225
-0.00634657832516518,-0.020465132439545005,-0.03475254641204272,43721.32744502278,0.9958502460373251,-31389.017855199592,8.282747116928501,13.885859772466603
-0.020484605280397375,-0.00208714132493469,-0.025520716917745333,43747.09760554994,0.9931744484001905,-31625.417909555443,11.820753763678503,5.920829857644197
0.02884896221609941,0.014844348528808796,0.035753997257873996,44027.925205013766,0.9993423887162974,-32211.35630186987,-4.7207366646410645,1.221054997202792
-0.0006102189615583678,0.027884009137990835,0.027523056076322064,43952.386636122756,1.0040590489580263,-31734.582295105127,5.291174844551058,-12.979062649392423
0.021598934780157498,0.028756036563887134,0.03992205468445976,44373.91804905117,0.9918592258327853,-32781.31429074934,-1.4019435517141758,-4.733981242099226
-0.016825785172146064,0.021449193326152215,0.012197744386342515,44323.246100869634,1.0040590489580263,-32781.74602559948,11.101765244374164,-7.607714914531486
0.026216579103554242,-0.003945382917966189,0.024148247268027313,44256.13318501157,1.004149753962675,-32742.02306367316,-8.880619843462242,6.388906484633878
0.02908270261941941,0.01211713365806854,0.03658286791895188,44461.72086984547,1.0001133812558107,-32753.04550982414,-12.784168868649472,-1.200388151492918
-0.024897806031281416,0.014200812353963315,0.0038482993692180085,44693.874832920366,1.0067801990974852,-33142.30741653169,9.476871537039735,-0.8195716975033065
-0.015609880429706126,0.01985274295521464,0.012941682653191745,43969.58375931333,1.0013378988185673,-31902.949237108238,8.531231180853968,-3.6324650767475894
0.0031531863808499563,-0.023602301251348063,-0.01601857539227415,44187.97383269951,1.0077326016462957,-32495.36165665354,3.6419542325728536,11.450559866023532
0.01915668115364431,0.00312688604984465,0.02054378355441891,44085.604791560036,1.0112247443252682,-32544.305982323836,-0.09230620180341198,4.463646603467044
0.017762534990405535,0.014274780729070532,0.02514636017878481,43920.26425811978,0.9948978434885145,-31689.367913086222,1.4296821082238473,2.423599320801511
0.010766906060293709,-0.02913443848522305,-0.005203284088527305,44211.34377434973,1.0070523141114311,-32430.30576243501,-0.193233644974649,12.214132534854485
-0.025033529615636995,0.0057269878369334845,-0.011285480376064314,43892.50138155585,0.9957141885303522,-31768.01930943995,11.082667973827487,2.572169255840155
-0.018098835999477425,0.012380089134570746,0.00403513365906682,44367.14097090686,1.000158733758135,-32666.012171122013,8.14377543415463,0.629937799265134
-0.0032145998605322516,-0.006993309786749981,-0.011647790200436636,44234.807826061195,1.006598789088188,-32620.85054615296,5.94296877921461,6.895965469083929
-0.022317132828269925,0.017804743137011803,0.006397530209143961,44323.93523781418,0.9963491235628926,-32391.25731080483,11.385410045217576,-4.2965038286557515
-0.019499318991327633,0.018878353383873996,0.009654443894270266,44099.411535866995,0.993673325925758,-32357.37501517874,9.945671932447478,-4.050052263981602
0.01147364849622294,0.028794826689055846,0.0344303474310838,44288.575780185674,1.0051021565114855,-32406.37860422471,1.6283428952957202,-6.39560743723084
-0.0058902375587122,0.02662605480919354,0.02306818507177115,43862.752334749326,0.9932198009025148,-32029.31954901269,7.93790389229499,-13.373324432716002
0.028649914666527648,0.016932832137970737,0.038863403310888334,44047.51441655437,1.0059638540556475,-31666.744820216714,-9.931919982297735,-2.658048483490333
0.024777092489561895,0.02316861416444893,0.041191250062678535,43991.920181618414,0.9973015261117032,-32292.446880534317,-10.39368808225051,-9.17514460012899
0.02607524528685073,-0.002651555797321739,0.024761270839648512,44162.08980946178,0.9913149958048936,-32430.32110467891,-7.465839420325526,5.819563621777149
0.019973246611003498,-0.02003793834639555,0.008106647266382013,44493.60712115203,0.9954874260187306,-32470.031417012397,-7.911033114811201,13.236645697858545
0.02314272639466195,-0.015292226758372171,0.013322020267215915,43777.650533444095,0.999433093720946,-31767.561003999457,-12.879051786605014,13.356655912604129
0.02251427104908846,0.024090311175687825,0.0411959320254504,44340.233768036065,0.9996145037302433,-32639.702818536098,-12.915352469442805,-14.392800615920857
0.028466604367444567,0.009223770892045536,0.032960125263093824,44196.28712816026,1.0100909317671602,-32417.42835316254,-6.526360801351061,2.3093045678701323
0.0020291607638119715,0.015185464220755151,0.016209559987874166,44425.38564394037,0.9928569808839203,-32966.95205390712,4.642839108394568,1.151921511118303
0.004056180357983218,0.028663345834643295,0.031042786005150293,43885.238441434056,0.993537268418785,-32077.55603974939,3.115703211846064,-12.464575971958354
-0.0016221976944637447,0.027357991010930244,0.026446005301407196,43847.22046607589,1.0018367763441347,-31682.633885438532,5.679167848103614,-11.117849690256147
0.028852185602750463,0.008164062055491196,0.03326798288790778,44343.85479574095,0.9948071384838658,-32620.79735227161,-9.299605047122217,1.9473008105815524
0.007980964816263376,0.022155087124577776,0.025552682991632936,43754.53992810838,1.0027891788929455,-31242.079151764145,3.617439375210786,-0.685235348360381
-0.009971586735937817,-0.01766707590195528,-0.03912038873979522,44178.57921461525,0.9961677135535953,-32331.74132263163,10.131010114713423,13.291065488395557
0.02387075189251358,0.024696840928815814,0.041219840077284714,43786.162517549375,1.0018367763441347,-31717.972794575908,-8.276470777590928,-8.855938730075913
0.02914007191885057,0.00812498175665917,0.03422210321322266,44012.263035882876,0.9958502460373251,-31967.640680998942,-14.415616948026438,0.5908518112260523
0.015484302377049165,0.028861580769220508,0.03818056305356601,44074.78656555236,1.0068709041021338,-32079.860040238556,-2.0983510141035726,-10.501946637842181
0.028962449008267378,0.013094128778731553,0.037237816036996094,44176.49206755871,0.9982539286605139,-32173.35721662372,-13.241306667870859,-2.0247580079397203
-0.0033504895408924566,0.019179877764723807,0.01776056962827435,43881.90564511822,0.9983446336651625,-31757.70141571961,5.583616415923867,-0.8828935408503504
-0.003532867932401586,0.02704351782124042,0.025000076334251907,43901.56873493902,1.0043765164742964,-31748.847038821015,6.584600138932039,-11.994008056372603
0.023305449221149053,0.02518710826510667,0.041174290664313454,44855.23270666631,0.9990249212000272,-33265.96135405432,-7.89473989692231,-9.214638699858813
0.025063471422805583,-0.011149741314498345,0.017936377568352514,44179.55399455101,0.9962130660559196,-32459.41181653792,-14.483826972128476,11.292434676044522
0.025360392829017957,-0.0030226765006672466,0.023939960233996742,44601.46496342064,0.9961677135535953,-33083.12271539864,-6.154110177314314,5.824773687887564
0.02773342529568432,0.017670049963056843,0.039701563900126115,44478.22341232236,0.9940361459443525,-32781.65843124903,-13.682599027927111,-5.857395264783925
0.021057077166999408,-0.005162820101269436,0.018917359627739497,43913.92799678662,0.9996145037302433,-31829.624503981646,-2.2050496856674133,5.970250699169831
0.02747161079752634,0.0192570853156972,0.04016583178144287,44170.38119548193,0.9981178711535409,-32370.041680895225,-11.449986957802217,-5.600601232096592
-0.0290073329539314,0.010560871613900558,-0.007558105715932869,43671.891978728636,1.00977346425089,-31453.237510812934,14.089174562710987,-0.7672768442456572
0.024932178187190665,0.02357353863836702,0.04120137186819397,44346.439986573096,0.9947617859815415,-32759.386568273538,-9.102147024255787,-8.145270098184998
0.023767414547331337,0.02603648352961646,0.041137747829123994,44220.866556572655,1.004603278985918,-32207.44067505182,-5.575117910840724,-6.932248486879152
-0.015181704229882968,0.023283613226508005,0.013370950019291705,44147.932931862444,0.999433093720946,-32243.30432861846,13.70905962399172,-13.625150045793685
0.02081350408328194,0.028860630462996806,0.03962199158976927,43992.035222129,0.9990702737023516,-31697.621848632847,-1.248116410842652,-5.029996475929167
-0.025858314281426903,0.007174215669718037,-0.008646325297605499,44853.3579747593,1.0018367763441347,-33339.07710554459,10.846374267487448,1.9839250436731035
0.0027745514213913768,0.024362910859621337,0.02552384119038966,43906.09749960759,0.9978911086419193,-31843.674153462664,4.446791289676611,-2.9515465286053573
0.028235462918559218,0.020711212680317816,0.04010257880718011,43596.292221059004,1.0067801990974852,-31359.193173323238,-6.8641567291522865,-2.78586979946793
0.029154112296037628,0.00971478248693631,0.03509607037678437,44136.86600601392,0.9964851810698655,-32132.102172699535,-13.063690535366897,0.09168054460769426
0.026085547049509522,0.0008662278768973678,0.02648201934241884,43751.73758022943,0.9962130660559196,-31561.207276612986,-5.565602315007629,4.777652076203335
-0.02520669252320676,0.015837334575093457,0.002543309208366718,44360.568583661676,1.0070976666137554,-32705.983478977945,12.212435346609062,-3.3553215944555816
0.024406117797253383,0.022138335477271634,0.04115870014292997,44105.63779140411,0.9976643461302978,-32049.9035092938,-14.718666259798987,-12.59110741292073
0.02815489498539007,-0.0002193831076274427,0.028019918928695115,43951.78519435616,1.0023810063720267,-31944.578917297047,-14.635006829099733,5.116378794707405
-0.018317990795012184,0.018533470920291367,0.010483382153893363,43547.10417255181,0.9999319712465136,-31325.49008915779,8.99885800318533,-3.0635258118694377
-0.01707307341256444,0.021511413938061545,0.011825671770206369,44046.80082881877,0.9984353386698112,-32051.54239187305,11.637940442794022,-8.246022877122181
-0.006457684543551455,0.021225419428466907,0.01853720677816401,44124.866179719975,0.9975282886233248,-32043.498973297228,6.252134675144859,-2.572017065153636
0.02048808138000621,0.007744770328584093,0.02391884917321755,44252.15313497384,1.0004762012744053,-32636.273518967137,-0.0497181556309485,3.6717012400864277
0.014353137036622018,0.028887936352383493,0.037788945809842066,44127.86682386024,0.9996145037302433,-32178.012898311026,-2.2123559126391292,-11.985921121635773
-0.028285110863417614,0.012934129151140495,0.00033132348236191377,44500.81551841204,0.9971201161024059,-33130.228988405004,10.555848387410968,-0.67670121753026
0.023368488727054156,-0.013135155136795399,0.01601730955962882,44164.01180886294,0.9948524909861901,-32440.94742111996,-9.193906003939603,10.157705967800759
-0.014519356671371336,-0.008663775242823964,-0.03526627169168999,43997.17057670673,1.0060092065579718,-31966.942711677097,10.530360350497453,8.598419800429426
-0.009026675220521148,0.02566025667565932,0.020121188086879814,43680.11955386558,1.0063720265765663,-31265.909836815343,9.622109337354924,-13.37516032766513
0.0010194366751401151,0.028002242162577237,0.02858088291247044,44001.92761182152,1.0010657838046215,-32172.063638148767,4.562597753822672,-11.459373462919833
0.02063653984708004,0.027846552652423175,0.040281663874442,44352.22364047217,1.0054196240277558,-32890.874607068974,-3.741234912487739,-7.976298431608942
0.02869820864283666,0.01723280032505722,0.03889272189483569,44048.55539725191,1.0010657838046215,-31886.53625311913,-9.24905976698754,-2.394064164150869
0.009057458456015457,-0.006376233564276383,0.005148977760920544,44221.115364437326,0.9929023333862446,-32564.387258710594,2.440801001505772,6.222729734823112
0.024590121035811,-0.009930900738273999,0.019119261806818822,44010.41750592238,0.9905893557677045,-32340.58869820051,-9.511052976719766,8.843745193262482
0.025237070603977892,0.022893686835759146,0.04114532404093533,44193.63709633493,0.9989342161953786,-32263.72980823125,-10.050783242480529,-8.337659641341121
-0.012503295800243454,0.0036026089814918303,-0.006365353211613809,44353.644810623235,1.0008390212929998,-32675.79341768795,7.816680382436207,3.847103113287087
0.029084226212752685,0.008953097533741067,0.034261312067885484,44429.14697477368,0.9987528061860813,-32600.427065163523,-11.202862073400311,1.0724461725118744
-0.023850832418067024,0.017126947286516404,0.0034084274178421644,44193.600978605806,0.9952153110047847,-32847.608481972275,13.431570961403636,-5.1830387077027815
-0.0015611509744537996,-0.009902860087840106,-0.012468678235561251,44196.62724812381,0.9855098755073811,-32463.251124624207,5.488075460920776,7.6100823024881805
0.02386293216590647,-0.01158846556037056,0.01752998322265275,43942.72107007697,1.0039229914510532,-31821.925477202727,-8.938214941081798,9.352091583466471
-0.014514445535017675,-0.01603678653111185,-0.04117767439492861,44026.786566547016,0.9938547359350552,-31825.598378610666,13.625404030358716,14.386464652220646
0.021582592433472308,0.026234517470007053,0.04089165106992505,43713.11147363721,0.9994784462232704,-31625.994269112158,-7.2374090488179466,-10.592967733484702
-0.01177015565764177,0.024650558747103115,0.01732239698266166,44269.06860618122,0.9984806911721354,-32355.08152853713,11.138755650233726,-13.137774202487112
-0.027914178247535136,0.012873147630076248,-0.00425882960373581,44566.766683146154,1.0016553663348375,-32822.762825846614,14.530483871353667,-2.483808307675206
0.024726886732970726,0.023023377419561,0.041187036800406626,44002.228623481315,1.0007483162883513,-31886.97712439107,-10.893865380507263,-9.568176520515337
0.024331110150229193,-0.009997598287549888,0.01898402372474692,43140.639464880005,0.9983446336651625,-30631.765638840894,-8.686741666904997,8.604967168552886
0.019464761212789946,-0.019039588712739922,0.010100065953317255,44104.82127777502,1.0013378988185673,-32426.360654377437,-4.795562507140774,10.26913097161064
-0.008209986577875064,0.02580457805602295,0.020888955958812325,44448.92616672133,1.00346946642781,-33143.63667129225,8.956468626777962,-12.598676929330608
0.018160897419197217,0.02915028541445525,0.03814477711883014,44891.43067587735,0.9957141885303522,-33556.252498980524,-0.15058644554212108,-5.151677606981391
0.020862595425941245,0.026540335825254197,0.0407315728130314,44256.776112734224,1.004421868976621,-32737.22597205282,-7.115398395396984,-11.299016702807238
0.01000659272103903,0.025363048823283652,0.02951062124910247,44155.78925889776,0.9930837433955418,-32360.00063286154,3.130432176752393,-2.029805056831309
-0.014818440334072234,0.02267958168810338,0.014263442440176943,44108.38649916243,0.9991156262046759,-31689.81116606256,10.931221098796115,-9.08038494752373
0.017511856052379534,0.01858707179482345,0.027684606396583787,44402.63321970386,1.0012471938139187,-32939.923518013835,1.7968207993560235,1.4825864082457052
-0.0011838677518584927,-0.008343785704689645,-0.010137374972652104,43664.98546936787,1.0008843737953241,-31379.274314688144,5.3543488690920995,7.145994251667748
0.020025710773341327,0.028973811136699924,0.03925916657673814,44256.096468441596,1.0002040862604593,-32271.263609153306,-0.9965740126335714,-5.201114117327641
-0.007677372480708562,0.020902695930437015,0.017703717089764554,43681.60829776482,1.006326674074242,-31481.01673889396,6.493099779800048,-2.5793466806548864
-0.018399484848123197,0.021293312864499273,0.009662639193259437,44181.51079757661,0.9892741332002993,-32190.784615370878,14.178915680706059,-10.594348847422864
-0.0020997543150905297,0.01912203342410256,0.018224676362506183,43620.98834690058,1.003877638948729,-31010.330601947953,5.3636236451510655,-0.6985664010303267
0.01743834863635634,-0.022012665207603678,0.007104510050693914,44146.87282104737,0.9939907934420281,-32201.102701832504,-3.2725800091319464,10.334141761701762
0.004980181138175304,0.02786854088002699,0.030330320834118074,44235.58978098303,0.9967572960838115,-32455.671569723003,3.4759760122459156,-7.280479160138128
0.029138776964076234,0.022817560198341618,0.03920861407145599,44442.71624668484,0.9976189936279735,-32952.648924842644,-2.2482526884536806,0.17259972985229766
0.027298087027687695,0.022281014625287747,0.040755663225542485,43947.53901019998,1.0002947912651081,-31921.843853022605,-7.016174036346997,-4.150167943373255
-0.01012996859097809,-0.016329821185798326,-0.03927276091614311,44111.03286976619,1.0095920542415928,-32012.33370400587,9.851940599055137,12.225923744924788
0.01909513151529308,0.027384873288019296,0.04016746432734927,43979.96136488263,0.9985260436744597,-31608.197779156526,-6.021837084323344,-12.1421269732717
0.014327743203507413,0.028706707033264223,0.03803554495687056,44335.8399296735,1.0097281117485657,-32542.327143835457,-3.244041961353437,-13.945670546761763
0.004323778420045904,-0.02759509412022885,-0.017824489293111426,44391.03794793625,1.0095467017392685,-32766.74092521009,2.7304763048515888,14.303201564280496
-0.01942679539498457,0.020626563664643254,0.008383758853323542,44531.16734454608,1.000430848772081,-33171.124805654166,14.433066057748633,-9.87550083649697
0.027525567079923128,0.018015882383464275,0.039879543453978705,44116.37073940437,0.9921766933490556,-32193.58861906624,-13.98880008929567,-6.4206318564765095
0.01784396627440004,0.02779634560202107,0.039710020501096725,44129.252541981914,1.0167577496088347,-32381.381772935303,-5.472420034766918,-12.94067745607953
0.01012340782959869,0.029094790404017988,0.0347754833602449,44352.83471559683,1.0088664142044037,-32800.86025356984,0.9074782443080558,-10.008881055063663
0.02915371514814525,0.01031379917691983,0.035317024804917274,44125.52026036007,1.003015941404567,-32263.098554901186,-12.022756197513528,0.12083274583247139
0.02314456992398312,0.024999370198189305,0.041177376491559635,44110.50117444474,0.9993423887162974,-31883.237045378908,-8.6052669203349,-9.968352118444363
0.02898321839162611,0.0170356639066994,0.03842345613299925,44508.21804958417,1.004421868976621,-32709.052110557765,-7.710698665135905,-1.2737723738167865
0.027967714687289105,0.006565043148462813,0.03113723007770108,44086.45411679692,1.003741581441756,-32147.6024019304,-6.589588372708455,3.106040603099977
-0.0004493179943390694,-0.018494697920815057,-0.019521937754751403,44502.2223844506,0.9984806911721354,-32626.30869547352,5.176491985431845,10.301480776920403
0.0029919414807428697,0.02630307624399207,0.027643892159314162,44548.346882050624,0.9999319712465136,-32970.17752429722,4.2717383694421045,-5.009222621810753
-0.0106963577476115,0.007760709563730847,0.0009945114255320011,44720.23976838405,0.9907707657770017,-33323.5088695497,7.107092217056923,2.628603925243933
0.02163509707757566,0.026584779816421596,0.04083083106213356,44184.80577695253,0.993673325925758,-32378.03741565513,-6.233210495519417,-9.577196501673956
0.016907559503267937,-0.008478961594709917,0.013252576550650468,44262.758968064474,0.9960316560466224,-32508.70210238142,-0.4365860324069537,6.460184948912108
0.016950275632986726,0.02823101515333161,0.03922664274676824,44030.927066822784,0.9939454409397038,-31916.855466591474,-4.299375726349542,-12.361656521339125
0.0010751168603146289,0.009624446865648187,0.010308567759571745,44649.13561942809,0.9990249212000272,-33051.15412121653,4.791326273659138,2.6479295418412576
0.02571500487240125,0.020731990701587787,0.04087589217907594,44198.403052642825,0.9989342161953786,-32365.555639985676,-14.631591486183709,-10.219708834681105
-0.008887600883307086,-0.009799330988947495,-0.026405203358857602,44660.61321152028,0.9970294110977573,-33005.70896280876,8.072673237510767,8.335326051476084
0.025435210756314868,-0.008589489637992812,0.02047283143760091,43879.885632224075,1.0000226762511621,-31412.796365693182,-11.246593339564065,8.7673123691807
0.026132432523559086,0.021187335485437844,0.040860104886013535,44314.41167060622,0.99453502346992,-32437.983359076185,-11.813947200567547,-8.015882942519175
0.008197637435679457,-0.020981768681152653,-0.003733374268877136,44383.315100765336,1.0023356538697024,-32891.42909073104,1.9753488411615479,9.140118516560165
0.0047194291851361935,-0.02330202178621117,-0.012154357411077014,43688.138454408414,0.9976189936279735,-31629.1566950591,3.0657862367504336,10.709131223102158
0.024977665503418994,-0.01145333748143894,0.017600759162105354,43800.46811224899,1.0007483162883513,-31570.86828926104,-14.71938197069305,11.587696651926098
0.029022665746025793,0.016980292629490103,0.03691644300975716,44124.00116677985,0.9971654686047303,-32201.594882843063,-4.317219574121303,0.7516349739625774
0.010365341512997358,0.029149266543096696,0.03524460687392974,44259.33809255305,1.002154243860405,-32323.851363020647,0.2974330112469463,-11.445355033458657
-0.013522876098281483,0.023176676577172928,0.01562577837867643,44209.265986480255,1.0015193088278647,-32145.11219405775,10.262834600364226,-9.023358913622628
0.021526660229821807,-0.018209716710705162,0.009697164591391387,43905.386520587315,0.9982085761581895,-31738.14164663257,-11.637919531596284,14.817788243276503
-0.014701816442052037,0.02129558142920591,0.01426752230919448,43963.332498757576,1.0104537517857548,-31990.25572819638,8.981269557639681,-5.276270017019716
0.02827948844237765,0.00046450753950378563,0.028564919721623616,44105.589466684316,1.0002494387627838,-32047.333967872262,-14.576286032452833,4.754450606543326
-0.006420919450616973,0.01716927960260783,0.01437662803123817,44440.040229837636,1.0019274813487835,-32829.07975821119,6.1037664275632935,-0.33397635256901737
0.013098195657033627,-0.027734883782971384,-0.00413042986706679,44192.2962980624,1.011496859339214,-32540.789319174997,-2.7835156500512053,14.81939139904777
0.026952808383247324,0.025429977561621797,0.04117260575482228,43679.98923220716,1.0035601714324587,-31340.693397314164,-3.8281080440658695,-3.101519740811824
0.026865022420743245,0.023005045508354336,0.04095062025931158,43905.57713588422,0.9983446336651625,-31656.509209262535,-6.793133871166766,-4.57633644000278
0.019757416234634548,0.02652841476276444,0.040561570000981054,43932.83990628546,0.996984058595433,-32046.756621031585,-8.486037672450927,-14.164421232377611
-0.003443512562567141,0.02603218782427046,0.024292988111009745,44357.65540421841,1.0081407741672146,-32930.536945364816,6.111448890064388,-7.916009701991218
0.020771052425719527,0.02749606714325057,0.040445105105783356,44557.32713625093,0.9989342161953786,-33265.977476287364,-4.541191557204577,-8.718062255950194
0.02344912945883766,0.024410990269324948,0.04121673012562117,43996.37018258379,0.996122361051271,-31840.816706444588,-9.717869575047624,-10.459702253739144
0.023902480454115395,-0.007596874085235623,0.020327221602579697,43714.45145310776,0.9993423887162974,-31735.58009671935,-5.907266163399132,7.058982543251464
-0.015201920516869043,0.01721699897935551,0.010918292542129655,44376.66926932441,0.9987981586884056,-32651.388737121182,7.741714458871069,-1.3884679608354027
-0.004542389911436484,-0.010403782397713621,-0.018458383851844753,44101.561793959496,1.0060092065579718,-32078.414316101494,6.490272274944278,8.054568728224059
-0.01734966248934289,0.021571644082014216,0.011351265848083946,44064.60250071297,1.0009297262976484,-32195.571196771463,12.35531744265134,-9.08409388356104
0.022716808748047292,-0.014708481141135816,0.01438391251192428,44106.45063625678,1.005737091544026,-32322.69487906802,-9.049906201160713,10.858803320052996
-0.008144085201057114,-0.0065179673396715656,-0.018650662607499764,44258.05368599903,0.9934465634141364,-32159.175620143204,7.480914337000513,7.047901702569586
0.010940344323782953,0.029111786318450707,0.03602912953008859,43884.061036024876,0.9978911086419193,-31745.165961627532,-0.9976659416464031,-14.07136594939024
0.019264822954894793,-0.021189750892046676,0.006486973097987449,43921.27513403403,1.0016100138325132,-31667.01968574862,-7.6651012735099435,13.888021965647859
0.008007929384191936,-0.029103320864797246,-0.01242475940470237,44553.80169133898,0.9992970362139731,-32706.131898916334,0.51143694894016,14.959439871864113
0.02693001835360051,0.018852266940876085,0.04028182237678564,43851.2749013497,1.0046939839905666,-32036.376177918064,-14.875569852649562,-8.018021894395932
0.0289678981069337,0.015149531551992118,0.03614668957953801,44073.69128710967,0.9984806911721354,-32279.74636085352,-5.022895551621666,0.9897031696861553
-0.017831947966909723,0.01966985320080879,0.011275732773418607,44452.89412008769,0.9989795686977029,-32792.57324250923,9.550719121847347,-4.358971362143004
-0.017549830291190963,0.0214960900938542,0.011083962253456347,44184.097747386426,1.0051475090138098,-32578.04352309088,12.549338617271221,-9.184228983334142
0.01854685006224297,-0.021692088235399736,0.006659959874355506,43621.76590015856,0.9931290958978661,-31264.78157232224,-5.593121461132245,12.254945043753601
-0.026314377112598736,0.0016056814056803687,-0.02270126534742285,44407.71104807274,1.0059638540556475,-32906.643483232336,14.781632581930033,4.13941845340392
0.02905294289480531,0.01679289195422308,0.03819090113709546,43919.6865452685,0.9988435111907299,-32151.022323394172,-7.387882187337676,-0.9492310974450717
0.020155385277761468,0.028858805002920176,0.039460921818992925,43540.98937303258,1.0104083992834305,-31214.174100098295,-1.337465073353318,-5.551581169691536
0.010267124153406318,0.026502282418927426,0.030820264520267232,44164.241774362104,1.0037869339440804,-32235.345682764833,2.937265954379388,-2.855520543335995
0.011625963863647133,0.0265188822745673,0.03137795250378328,43645.29965347949,1.0085942991904577,-31283.252081455965,2.7277363916276443,-2.506280449839638
0.02549187544699556,0.023298722105302018,0.04115190926654143,44409.746205852534,1.0056917390417017,-32922.55615023716,-8.654068653706842,-7.178782878720041
-0.025719803972764715,0.015509912037482308,0.00021264602547124643,44379.58054682562,1.0027891788929455,-32749.349227240076,14.202603961232313,-4.311127562508711
-0.025595010286070703,0.004935611855696858,-0.013679745936076952,44611.965709558805,0.9954420735164062,-33389.75899572053,11.766648675101493,2.808743307568328
-0.0011457530831976267,-0.023156918766674875,-0.02587398129009286,44319.66958857595,1.0030612939068912,-32571.44611727813,5.5580691511348235,13.280837728443966
0.017233789980463318,-0.02354472254275605,0.004342604736900139,44163.468890106655,0.999569151227919,-32221.015850698088,-4.669003057717905,12.561895730344805
0.02378575071312252,-0.008555081910368096,0.019687495160837228,43761.05380899985,1.0080954216648903,-31596.975846496192,-6.219120349137043,7.407662486695099
-0.02466513626047981,0.016406056615271013,0.00258308005368231,44577.18436412985,1.0060092065579718,-32968.88769120071,13.07521872656731,-4.334936020522466
-0.014958404180503567,-0.01528956581979979,-0.041228083346260415,44323.106139086245,0.9998412662418649,-32326.08626220374,13.638721735912032,13.800188256371218
0.016815664122251193,-0.0014652743006725176,0.016143082810565576,43492.77805708116,1.010499104288079,-31177.180322813983,0.30252519755817353,5.251755262097454
0.022833824242604425,0.007532311190581539,0.025994408271718335,43947.61275302598,0.9922220458513799,-32000.67973571499,-1.065410376209357,3.6771580776838597
0.0005292792327567443,-0.008976534213786235,-0.00816742744040156,44013.25127164997,1.003741581441756,-32395.00225060422,4.840898352541451,7.1964063404711816
0.023350824987724627,0.024010468625748644,0.04122435978289744,44054.750462445525,1.0003401437674324,-31874.69222097708,-11.137500606649915,-11.686541453122853
0.023421893670331137,0.001171485320223839,0.02390888118956582,44324.076895175065,1.0015193088278647,-32547.84678363194,-2.590270944807134,4.773691959220475
-0.023860709067345137,0.004826137361053992,-0.012367238388589165,44097.47033867344,0.999705208734892,-32666.67992525407,10.906909280302447,2.990845551600497
-0.016390612534754486,-0.010960743486586044,-0.04002186390395655,44069.514340524736,1.0086396516927822,-32075.934154257317,12.649752189766602,10.465644760740634
0.02015046986205788,-0.018871851047278062,0.01006131251812864,44400.1353106564,0.9941268509490011,-32758.050377249005,-6.309028184525449,11.25945622481084
0.017947250024936814,7.284426654784081e-06,0.017950515084428017,43725.89552143627,1.0005215537767296,-31892.28517236984,0.028007974903538013,4.998750701229
0.021396330403708717,0.02562738810452658,0.04096795996235126,43832.10397691307,0.993537268418785,-32254.99479793647,-9.411179739541335,-12.898785338663501
0.013906646989699826,0.029047342873082502,0.03730958244123169,44017.36884781731,1.0002040862604593,-31782.154591232385,-1.280697853896898,-10.705816431668877
0.011157876882840347,0.028945546546291532,0.03466971648090319,44357.242436081775,0.9962130660559196,-32590.813172753074,1.3728730002382434,-7.438141609909978
0.025742256217380202,0.0214159655351641,0.04095310885215222,44094.02504218375,1.0016553663348375,-32602.505918051225,-12.462861920257083,-8.983002446514515
0.002638082833036837,0.02736015841445496,0.028660171230657082,44215.94206414861,1.0039229914510532,-32713.90920671609,4.195154878907516,-7.326120832627129
0.028922860215335792,0.017318956070192838,0.038614381557895906,44384.623421394,1.0068255515998095,-32386.88838394682,-7.830381368875344,-1.5006277116423057
0.028038396818234942,0.023856316022312987,0.04077847654263046,44223.25494170814,1.00546497653008,-32837.60660156138,-4.188566821862738,-2.231155245998943
-0.017243487191219573,0.022186127197842638,0.01079298004430947,43977.012418166814,1.0021088913580807,-31981.164324716465,14.920763228888735,-12.910342746610024
0.012581126999938946,0.027347571369549715,0.03269493016202051,45042.527740826576,1.0110433343159708,-33874.438691366224,2.403473023955904,-3.0195542094484864
-0.00415077674419952,-0.02179622198657819,-0.03136229691029126,44057.25778602367,1.002426358874351,-32275.199806069955,7.11379913986578,13.837396455546038
-0.01195738152066054,-0.0007672423438451681,-0.013328811700425967,43995.155023922634,1.0000226762511621,-32214.870147889473,8.127595242811953,5.251185413654124
0.010997546445874312,0.029137857898542313,0.03589981895059207,43945.56595062547,1.0054196240277558,-31930.06187545072,-0.5812266659406653,-12.896673808327625
0.022151878286574098,0.026083052190560344,0.040983351466729205,43747.15209981405,0.9919952833397583,-31826.33855447244,-7.025912061853434,-9.763254422964124
0.0003354100900056214,-0.00047358410703638316,-0.0001304444287148557,44039.88612429446,1.001020431302297,-31980.11873063841,4.9177156284962,5.113928143188325
0.02157398883932819,-0.017343960450548677,0.01135860186859014,43942.8304598332,0.9990249212000272,-31890.9194779334,-9.082367115249383,12.350623687958507
0.0030552809543673053,-0.01612485861428755,-0.010089957663677592,44211.95300225298,0.9950339009954874,-32557.45733145486,3.9345260679269423,8.803945864279843
0.02315934854322637,-0.0025497510078810004,0.022085337792062475,43762.060445358824,0.9951699585024604,-31608.690484783816,-3.2411615648137477,5.521713499123788
-0.006916305795485865,-0.021140648273748588,-0.03581864469454787,44351.87889716268,0.9959863035442981,-32480.173092656005,8.85022497074793,14.999824573489732
-0.01950088553775293,0.0031156635705121105,-0.012622642141608912,44515.87491435214,1.0048300414975395,-33334.84243586133,9.795348053971555,3.8193353758891426
0.028626373319170527,0.01796353093873581,0.03916168972684254,44221.9147937575,0.9957595410326765,-32138.187177527183,-8.695111523231848,-2.467174924552424
-0.02574303589666058,0.015277438095341102,0.002422631054559127,44267.03392025916,0.995260663507109,-32563.957810985405,11.561621694528377,-2.580513263652705
0.025209058618921407,-0.009114025627914218,0.019969244560103995,44597.05164762891,0.9971654686047303,-33258.397667935016,-10.978752441669348,8.936765105844156
0.018304923968950615,0.029150028998434923,0.03819128141123874,44218.928809939694,0.99253951336765,-32333.233851314133,-0.1533552036368775,-5.066208896545733
0.02875288989189439,0.004768325349568375,0.03154837141617846,43818.2727195318,0.9968026485861358,-31344.002603310284,-12.36595974640613,2.7928152908731576
0.02394426506190921,-0.00819358290673526,0.020009742165187635,44242.7318497618,1.0021088913580807,-32010.53297967305,-6.311997141737528,7.321906129544761
0.014715985007550107,-0.02567922057046728,0.0034477600391213544,44166.10184330802,1.003741581441756,-32251.320534946273,-1.4644782683970607,10.178470760343117
-0.0029050940514810854,-0.02037549443901857,-0.02738711686402722,44290.66786650767,1.004331163971972,-32347.53279464994,6.308872574557952,12.086091694621508
-0.015953208673995835,0.021634656341853777,0.013185177463321719,44268.518053495165,0.9996598562325676,-32567.913844110313,10.365277837411252,-7.059636344716475
0.024118194010574967,0.026160334654042133,0.04115169265800637,43833.389257481336,0.9974375836186762,-31613.166983642208,-5.0657352909609905,-6.2322818954632755
0.012108667471752006,-0.028610065347312964,-0.0037338498757554144,43755.956377996685,1.0025170638789995,-31614.35375673892,-1.1691936994134569,12.72356907141991
-0.012961533924342539,-0.013059550190806188,-0.0412299719049893,44140.338418302745,1.0031066464092155,-32197.60007262036,10.836531080885223,10.873137624951557
0.024187682434130192,0.022444493624093755,0.041188068066636295,43382.336703771995,1.005011451506837,-30768.35923869267,-14.322744768184858,-12.700017705147118
-0.013447872155418816,-0.00964506857529939,-0.03635372931930766,44226.030363260856,0.9981632236558652,-32535.690181904352,10.186303415638402,8.935473297443753
0.01984715032361832,0.02816003681839523,0.03996120820545271,44203.92690656121,0.9965758860745142,-32196.630694364598,-3.266406690438199,-8.105782359403232
0.002530975559498144,-0.02181529673678508,-0.01584414433575447,43885.23614695789,1.0005215537767296,-31852.803097970907,3.9614053241647866,10.827689704258919
0.023895305766337,0.026539793924443396,0.04109433206727692,44357.67054134647,0.999705208734892,-32358.978021082567,-4.5797408719122075,-6.052783532200751
-0.012274138097646822,-0.012073810458689277,-0.0412019400262236,44129.99819003182,1.0042858114696478,-32385.759013229414,10.116347257870721,10.047070745110375
-0.015505188738857997,-0.010708608652717154,-0.03986284792245408,43961.827198345694,0.9980725186512166,-31896.638501426165,11.831626575429286,10.020391160033423
0.02293356827674341,0.02651834417906492,0.03621799848328915,44103.884034035,0.9999773237488379,-32029.698962612998,1.0643980135218527,-0.10998040588667202
0.02565430520210551,0.024996637073240506,0.041222280240484126,44071.67018297304,0.999569151227919,-32272.187257712867,-5.534591044645209,-5.167824097363173
0.011456971125166974,-0.003774221669443401,0.009346844891233854,43637.26060427994,1.0056917390417017,-31419.964730796048,1.8730760849313803,5.6919314351238235
-0.005570878283435666,0.026899397259489786,0.02342932996116075,44631.26875116284,1.0048300414975395,-32561.520971714493,8.025809451233233,-14.748257673485373
0.02092877485486739,-0.018866248644548226,0.009204505008793329,44155.96852309382,0.9972108211070546,-31957.62646597307,-9.802136498758792,13.926946836166678
0.019567678704385895,-0.008807339096657547,0.01591955280110264,44150.73865553772,0.9953513685117577,-32244.369566558235,-1.8713734817967627,6.622705849519953
-0.013730734136466723,0.012203413074099806,0.005512993841262523,44107.71348553165,1.0009750787999727,-31848.67122898548,7.413761847574275,0.9930220948231891
0.019102660363564276,-0.02077284415713724,0.007819342375063376,44227.21027508142,0.9973015261117032,-32368.034823909817,-5.85341640251163,11.929756368885293
0.02370567000598604,0.014494446256697801,0.0299076412992012,43549.79112368987,1.0046486314882423,-31190.393036481666,-0.36431363470837397,2.5054529387169673
0.016190511738986894,0.02887296437018503,0.036270976399487904,43794.5908503945,0.9904532982607316,-31463.899685808796,1.0771237435174896,-4.149803709958281
0.026669295354487577,-0.0032358696523169576,0.024918669412098606,44396.682853352206,1.0053289190231072,-32731.082122303804,-9.829138624695553,6.230026048596571
0.02725351016504242,0.018278239775962615,0.040050109430241544,43550.87022193426,1.00746048663235,-31507.42834630174,-14.786763043634018,-7.305452848487517
0.0033808004455207945,0.028470762120045377,0.030408653830849522,43862.01960485126,0.9993877412186217,-31681.987008979064,3.51765063003527,-11.685333183903285
0.0284847902901637,0.020640962073338008,0.03992756317151314,44079.56019724114,1.0021088913580807,-32075.905513385398,-6.272222454748224,-2.215808699533248
-0.020377958124689007,0.0030352306520457705,-0.013500737334267373,44462.1974617357,0.9983899861674868,-32773.46497560068,10.11414879772527,3.8202312072266054
0.008425240072426426,0.02913994748897141,0.03435115139806337,43962.9107699473,0.9989795686977029,-31753.10134005493,0.5750307805960251,-13.855211760169686
-0.02713560507744541,0.007330830002382084,-0.009448124056197594,43848.96753140452,1.0083675366788363,-31497.12891350282,11.469955361603283,1.7658022943493243
0.029020315136218635,0.016784588840035718,0.038270473635340654,43972.39967630675,1.0052835665207829,-31878.00309861255,-7.6740832860739445,-1.1222688556433518
0.013043376764923596,0.028646913750570078,0.034710780068785196,44451.102091833156,1.0038322864464047,-32768.963173513526,1.6459886907768713,-4.995764581330327
-0.01840815411102702,0.020554299762138392,0.010483577202360008,43947.30506360727,0.9963944760652169,-31861.636858329945,11.467378426833424,-6.932324929551424
-0.017696631832509566,-0.01128308849038448,-0.0400702505117602,43987.072380997226,1.010317694278782,-32140.05808103511,14.09425291910102,11.224030738182847
0.022107647617482473,-0.016955465512616966,0.011488799870485338,44357.46652882649,0.9929023333862446,-32419.266580274194,-11.096916618047132,13.44939163694334
0.02168870411213827,-0.017916583791013678,0.010100836562888316,44452.63031593585,0.9968026485861358,-32844.22817373321,-11.664485644827831,14.59204596183628
0.026517633242497313,0.021494229655422265,0.04082566218114057,44248.23662055409,1.0033334089208372,-32443.6018595195,-10.023396310787186,-6.542266209867325
0.028910179764393428,0.013576727192954545,0.03545324146664891,43974.31556090609,0.9976189936279735,-31864.32985078126,-5.642137607614474,1.226862909084808
0.012844559588954457,-0.027935841026524383,-0.004280461969287574,44129.75147486424,1.0008843737953241,-32101.593007374377,-2.449862546880846,14.501335229724205
0.021688965074447633,0.02480720798869768,0.0410941448362147,43787.277088170245,1.002426358874351,-31606.013161970583,-12.006839271565678,-14.90696488872037
0.019831390622578993,0.02721476538922514,0.04037157221205362,43636.201854834944,0.998571396176784,-31766.927387728614,-5.981358977582193,-11.251801648931716
0.024484990853841548,0.00034269475834562604,0.024631165975583867,44007.46482074725,0.993673325925758,-31836.109382816496,-3.7025334004406893,4.926866425258112
0.013267995892351524,0.029038756307410492,0.03711979040578495,44701.45538236352,0.9962584185582439,-33336.775542470554,-1.4312523820873544,-11.769588815248841
0.024705542631065145,-0.010419590242216982,0.018715859695019304,44435.88690361319,1.0026531213859724,-32726.29380423068,-10.68444216220817,9.462016142059504
0.027816039370609905,0.002294890042650872,0.029026464889667616,43997.68252073573,1.0008390212929998,-31961.818258065112,-9.13806107903541,4.17810070450323
-0.025393152525746965,0.015247288503152868,0.003500920500426757,43840.314338768454,0.9882310256468401,-31642.246629657853,10.675365802059705,-2.052865256851108
-0.012787319609139291,0.00824322795589435,0.0005063546074522194,44032.966001763954,1.0012018413115944,-31937.23287364734,7.4817425861414115,2.380388306317929
0.025224351682981545,0.021618825615609023,0.04104350384349106,43605.428324828456,1.0022449488650536,-31417.596405460885,-13.60548223790471,-10.487525410374522
0.010920611677935607,0.006857555485813733,0.015251235013173265,44695.250613875454,0.9986167486791083,-33130.02931408607,2.612609778766906,3.6647481744271673
-0.009759945814189711,0.023470120998694742,0.0187430056479471,44353.07944166002,1.0048300414975395,-32683.72194205386,7.802644036520093,-6.327430312584658
0.02852426087086963,0.01834732554765539,0.036395306765006435,43916.95230980636,1.0036508764371075,-31970.31651128848,-2.578790523242203,1.2235519096462575
0.01858331300661318,-0.020214704019565564,0.008930771012509733,43395.55393135249,1.0027891788929455,-30682.542709528705,-4.009379445534844,10.186745182618179
0.00951247168284327,0.0025000564970036076,0.01113059058487029,43957.790326364055,0.9937640309304066,-32049.974252521653,2.744949471267965,4.510458086163794
-0.014624188251214048,-0.008237465057575274,-0.03424967051090691,43811.83298881764,1.0111340393206194,-31997.69899750909,10.475025272416723,8.393432478482953
0.0011528577486981729,-0.025929798519438083,-0.023316844332959878,43933.39455463869,1.0063720265765663,-31653.181012088226,4.3883394734049865,14.626383396233663
0.007289661673026209,0.02666274339772084,0.029817700541914162,43967.078353442084,1.0066441415905123,-31768.630897822644,3.390472762886855,-3.9255416154408866
0.029138153933081435,0.023623778169464208,0.03980022778198233,43828.84666929737,1.0048300414975395,-32062.27530974162,-2.334260363057476,-0.179947535929335
0.01952844729693533,0.02683563931529104,0.040436868377943684,43655.14313889744,1.0070976666137554,-31302.414315633105,-7.5855600509493835,-13.448357413076788
0.014348752377287548,-0.026115496470539186,0.003025174896723784,44147.73328124006,0.9960770085489467,-32233.802616128436,-1.2254753345220344,10.114454511861737
-0.0017379678153186652,0.02765833609563399,0.02662496668832595,44198.84886850149,1.002426358874351,-32024.149727882093,5.839975988238336,-13.150273497466475
0.028929523216730053,0.017111027115892102,0.03854443790566792,44174.077611790526,1.0019274813487835,-32329.093651729047,-8.00432261815886,-1.5021156620570437
-0.008884156984526971,0.024353612536508074,0.019812542643740588,43855.18081318094,0.9943536134606227,-31863.43660574162,7.8988254141284315,-7.7079847185233135
-0.019547928389056623,0.01703521825923202,0.00880059056167179,44032.51979930507,1.00546497653008,-31860.47113523143,8.798515283350604,-1.9762043008750165
0.029146045154395676,0.009756395219978743,0.03496298682938211,44482.44970962254,1.0013378988185673,-32969.24220750456,-12.084320026196654,0.3939677716665386
-0.015662226460248493,0.0011902476376344235,-0.01326795811954736,43690.78835806084,1.0022903013673778,-31346.56024134727,8.965726053843067,4.580631660126155
0.02550577328705819,-0.0017723333041544027,0.024686328567885895,44350.30616157796,1.00115648880927,-32774.39303618233,-5.797427443274,5.465894292664107
-0.02150952722955365,0.016646209646786862,0.0074040131685358355,44316.21323845367,1.0050568040091612,-32548.352658664702,9.343057347968657,-2.097318038340555
0.0030928154582269586,0.02736736197581904,0.028876134016687142,43598.8633736834,0.9967119435814871,-31242.15523363147,4.0789618321189955,-7.0578700416599
-0.011570750470551441,0.011579997761384764,0.005637633422691747,44235.46462989637,1.0098641692555386,-32094.519050787305,7.068770979845201,1.3525754554251925
-0.021637968494924213,-0.0059340140810841034,-0.034500230894021565,44213.54934228037,1.0023810063720267,-32443.15703404085,14.864517241112164,8.253423962996099
-0.020549084705591546,0.01964220353629827,0.00745513980089122,44125.925153813456,0.9979818136465679,-32027.84680962822,13.393998839785844,-7.667424691610021
0.029142033126800658,0.01959778932149275,0.03864842187190548,43777.32967189046,0.9927662758792717,-31327.961056657845,-4.418709136501969,-0.23371900944498059
0.014335736853872964,0.0159803279798465,0.023918059905334545,43709.70089832179,0.9980725186512166,-31665.40626189274,2.3255405737416623,1.8641301580803002
0.01891614179426972,0.028466928848341882,0.03954075828158172,44359.81970628,0.9946257284745685,-32661.28542266195,-2.713494995919394,-8.207379428457715
0.023826033499882236,0.01682486563094754,0.031118025586827483,43691.41484841358,1.003741581441756,-31549.17090782765,-0.06798283883419387,2.1141356806057487
0.023064959471983205,-0.015080413688283764,0.013721449624366614,43788.94773439319,0.9999773237488379,-31498.279663317946,-11.636784318294705,12.493653745670116
0.029145827575202322,0.0130296218721941,0.03656396695213928,43950.691672555295,0.9983446336651625,-32040.537996549203,-9.702964411183093,-0.337705675835565
0.028043511113790123,0.01871223219693849,0.03977565822853935,44429.88804995944,0.9884124356561373,-32929.13133691211,-10.155352831215605,-4.0853878883429715
-0.014205665196184446,0.023271442059036106,0.014815076756318712,43648.33980542376,0.994398965962947,-31532.80337986511,11.42725266239555,-10.65935641045569
0.0222888271707596,-0.011763765112824415,0.016777022120120073,44120.60287148622,1.0013832513208916,-32244.115495469545,-5.340168210140234,8.100980657242431
0.015420348897603487,0.02854188817914252,0.03854619926004,44321.506308843265,0.9976643461302978,-32690.895869589098,-3.657198931121643,-13.226871062153808
0.002591550941284879,-0.025183473608115133,-0.018980259257452666,44224.1170763389,0.989954420735164,-32896.5975006179,3.7757835493666327,12.781753191762327
-0.004387399663803919,0.012088027105462019,0.009719775856393552,43735.09783750026,0.997709698632622,-31390.500701087087,5.792951704351253,1.6437624107258308
0.0021073959110364817,-0.020721708595112107,-0.015833996733657256,44477.45626975482,0.9926302183722987,-32896.11223069293,4.157417356938691,10.502248693729292
0.023923157809095486,0.025953111838779918,0.04115598692289796,44408.22016854788,1.0012018413115944,-32727.584911015525,-5.595325361714357,-6.804280315948301
0.02677479083797151,-0.004508736114287436,0.024165015246363965,43910.51938980335,1.006916256604458,-31897.03740118071,-11.929421326198604,7.0211121994284795
0.02387114592839907,-0.014192573701338454,0.014453387993266927,43656.498575323996,0.9951699585024604,-31305.6624051127,-14.890256654336895,13.647908906238158
0.0069964272343058164,0.028570543391189522,0.0322322282322509,44195.938033656945,1.0015193088278647,-32509.633635637947,2.5684302906332057,-8.55538419281503
0.0011625469279377735,0.02832042171896962,0.029020871309820718,44248.810100300194,0.9963944760652169,-32612.52432429778,4.417649840182513,-13.710764347850398
-0.018099150771801988,0.02156311551061298,0.009894590664879592,43828.27492292122,0.9932651534048391,-31680.534872564076,14.573768124452059,-11.436993298213627
-0.002747740781120019,0.024958213281062555,0.02370971883515249,44064.48220078466,1.005011451506837,-31926.56003984488,5.6920590409883935,-5.353755996717167
0.018145849707515392,0.028734951910089103,0.039094869658031536,43668.430991324945,0.9982992811628382,-31372.267264578302,-2.0566335359641563,-7.9644639136561555
0.028789987341043728,0.013404495193226307,0.037628315115730934,44023.90190398801,0.9936279734234337,-31717.938431005474,-14.983908019678733,-3.091256619161273
-0.010735887291879926,0.02298247185875096,0.01783341906615131,43836.781090525066,1.0029252363999184,-31556.65478834753,8.00055351340973,-5.9818233210864875
-0.0011176292627372555,-0.021727614600261385,-0.024425064718600405,44673.20589462453,0.9970294110977573,-33264.66665358624,5.5055361750367915,12.1938357865418
-0.02061120371414492,0.019393401485937944,0.007750677936319956,44271.51600384348,0.9992063312093244,-32485.466053986325,12.516553587143477,-6.636195883678663
0.02570843160711277,0.022505345602769806,0.04106859036332965,43929.88154014455,0.9931290958978661,-32088.960405644542,-9.877086005098008,-7.599462328726285
-0.006918405460177027,-0.014033693343764992,-0.02967834662801044,44437.626036952395,1.006598789088188,-32842.35759050482,7.684573786245373,9.858159769475417
0.02908837877143201,0.01789210758831156,0.03840511215962555,43975.28258804679,1.0021088913580807,-31901.302290424814,-6.136891793714355,-0.6718419660668467
0.02870087783322994,0.005424041187181037,0.031765888554604375,44325.16212217382,0.9980271661488923,-32461.735731072135,-11.00388024920738,2.718189367765806
0.017080317639009284,0.02786110417506224,0.03503807050605489,43772.9181336784,0.991677815823488,-31574.02497627629,1.6637609429736493,-2.2088924467827145
0.02905224383741399,0.012115411532439184,0.03534831826420946,44632.34029053766,0.9954420735164062,-32974.19532462346,-7.5619424389466525,0.9684586790611398
-0.00454941095978174,0.01533618971727987,0.013197867752661458,44152.336676585044,1.0065534365858637,-32522.007504607383,5.785207256146716,0.5590777796357465
0.022645552763861793,-0.016119317071524503,0.01240328751918259,44126.32641538321,1.0016553663348375,-32092.160916740188,-12.042853303238395,13.455536296703539
0.02899195270009521,0.0053744641983288184,0.03235192382810713,43820.093070274044,1.0008390212929998,-31796.379380775084,-14.948296691301143,2.0486960894178026
-0.017533284202305023,-0.011485117140273232,-0.04019924097589047,44110.66556115044,1.005737091544026,-32515.872968243548,14.045801065385632,11.334038644445773
0.010769424671861486,-0.02899578998982445,-0.006844672526114008,44275.833487546086,1.0026984738882967,-32592.505452696896,-0.7466874836925044,13.689878372491322
0.010103432934885699,0.02913331460448771,0.034985774859160615,44357.32331392077,1.0063720265765663,-32429.28730317863,0.5802569088863478,-11.005609002241076
-0.010883572390551825,0.012836381910786935,0.007525919906223857,43327.064140388495,0.9976189936279735,-30906.7142545859,6.906149920892414,0.9607559120090041
0.0006513675466415962,0.027575829040391034,0.027924978268281175,44029.95353121094,0.9979818136465679,-31992.64709658208,4.757201020030642,-9.646472785019311
-0.006700211079346069,0.02560565235191972,0.021982982657239865,44788.73051080475,0.9991156262046759,-33579.832515465736,7.518733254783573,-9.491675649964453
0.02377030639266582,-0.012949946531342845,0.016169819269524547,44377.29312036486,0.9973015261117032,-32808.825933130945,-10.641989724413126,10.724425539331264
-0.00969701656665824,0.019660759394505466,0.01564053366560369,44578.68191419118,1.004149753962675,-32575.506951314368,6.817775005221257,-2.080877360341443
0.005049172270061658,-0.02821075094397325,-0.017151031131822075,43997.978808120606,0.9944896709675957,-32088.76066697293,2.244924910077355,14.873735298383927
0.005758484218058957,0.028744116406307297,0.03199956296583903,44437.05128493141,0.9930383908932175,-32830.62659870479,2.5775468702542135,-10.978489692869937
-0.009841654608213093,-0.013867412306051855,-0.03756705595863741,43847.35785953175,1.0050568040091612,-31595.950002037356,9.117999282274859,10.474080367181198
0.02127800312802138,0.02654835815000694,0.040789420742279286,44222.69716564974,1.0019274813487835,-32242.50596111972,-6.667275319209066,-10.38021439292808
0.023997225113961074,0.027818021840749007,0.04086756472312089,44340.61284790509,0.997709698632622,-32613.475882426465,-2.519462829548573,-4.341926714313768
-0.01429305772118226,-0.01381021241545576,-0.04122219076240312,44345.16976983066,0.9951246060001361,-32624.392206207543,12.15714333303579,11.954587435069463
0.029050159720253422,0.012653252936433065,0.036876248996243845,44393.20714938159,0.9953967210140819,-33039.583230070915,-12.561378657757615,-1.4286773965036996
0.018370496263024,-0.02180849572839396,0.006679797043692261,44036.249252124326,1.005011451506837,-32274.05477810655,-5.192811355257001,11.945916568622835
-0.025493563719866018,0.014657946782373414,0.00366071811193543,43795.40850637659,0.994398965962947,-31497.09194401012,9.984357409224053,-1.3278883627382214
-0.012982566364270613,0.024388998907326667,0.015884052000970428,43880.08018057914,0.9992063312093244,-31655.82782856072,12.725180653418825,-14.87408331054043
-0.01441890008509299,0.008071726131873787,-0.0006170367995840593,44385.23605824901,0.9986621011814327,-32649.507550811148,7.813217843863843,2.3572663650969368
0.02569543416302564,0.023579935122754518,0.04115417934577656,44347.452661833915,1.0075965441393229,-32553.207403958517,-7.769277407348289,-6.42454961182947
0.015310842995419365,-0.025912543125971323,0.0005452184816624814,43882.76135262356,0.9964398285675412,-31800.467410326608,-3.6959492808359347,13.433643501973318
0.004295258437713904,-0.026406786408113007,-0.016172630631092998,43923.46694389046,1.0006122587813782,-31710.366452088754,2.959051607589977,12.778379688211512
-0.011835801430567418,0.0008508878828369439,-0.010363874389641044,44118.63024486567,0.9896369532188939,-31772.827726319007,7.9203950927708995,4.726549051893485
-0.020141603007122418,0.02006755334681593,0.007648167225418261,43964.692245076134,1.0042858114696478,-31801.017587010007,14.119243614828598,-8.832262460360742
0.026136481184742995,-0.004713402898283264,0.02362007270828915,44031.57505304181,1.003015941404567,-32047.854934656178,-9.335182482929234,6.729824424471097
-0.00742157866798647,-0.019037995762752957,-0.036012820868822265,43583.47074569386,1.0017914238418104,-31149.576659241207,8.694728240997101,13.17687438845989
0.029054798126882275,0.01686556068253299,0.03820722543886405,44367.023691588685,1.0066441415905123,-32834.56801711166,-7.304026795480026,-0.9328658931820826
-0.028833538805287752,0.007157729882672142,-0.01320793539723682,44120.07954034524,0.9993423887162974,-32127.924559290703,14.293893556712991,1.1774422000633429
0.001035183198133427,0.01910450933839678,0.019556940048059492,43682.50355275243,1.0011111363069458,-31545.699043278397,4.822116968711455,-0.31352103747812876
0.015900700334591015,0.02914923758764563,0.03717867898863253,43717.93051404407,0.9952153110047847,-31701.100035997322,0.18849850208557406,-6.092179399655237
0.02573710513457707,0.024175521914711774,0.041186559657315824,44150.88556453959,1.0000680287534864,-31897.172039545607,-6.694972459396247,-5.763312331593454
0.025179769016978357,0.028948132471030896,0.040545744152852316,44203.28423146112,1.0005215537767296,-32347.362704834137,-0.6046926346048842,-2.085181177880278
0.014500816325082839,-0.02670275806634996,0.0008655958492328983,44082.66279572985,0.9988435111907299,-32214.56751504518,-2.259085371959463,11.895197626506864
0.007386601903651095,-0.0092694997280038,0.0013322018572721383,43753.07889853088,0.9957141885303522,-31943.574353053384,2.8043992317886257,6.847061763178861
0.02423191887571275,0.022671546447262766,0.04119603592618309,43684.35714846845,0.9997959137395406,-31577.12028853117,-13.337405283561047,-11.948501963695087
-0.002721911442355728,-0.02342571150859474,-0.029572084568809824,44163.08949647244,1.000430848772081,-31907.444631943006,6.444836054387547,14.58176333174751
0.02714724398236915,0.021772914257188046,0.04071900495264593,44149.40761211922,0.9996145037302433,-32088.843044967867,-8.039251695901132,-4.769542090907123
-0.000977189816863655,-0.012766324244442618,-0.014585066694799781,44182.62598121299,0.9960770085489467,-32234.01454998196,5.327647162257794,8.39515689991888
0.010889843243469942,-0.02515032432772006,-0.000746882971440847,43735.543675867244,0.9973015261117032,-31822.7074632002,0.7444576471807594,9.496283948976703
0.024710075156649264,-0.011228287290045973,0.01791529664270494,44012.13999681223,0.9944443184652714,-31955.40590987868,-12.22092061419887,10.451483596469682
-0.002390294027514207,-0.004378148633575145,-0.007374878512062659,44057.48032862099,1.0005669062790539,-32281.707822279423,5.650541407588328,6.140359387649735
-0.017736992789983915,-0.006640895813814873,-0.033719819311084455,43800.11604010138,0.9980271661488923,-31684.996010520197,11.842220243692175,7.995257301296128
-0.007660587693183542,-0.020522466637804125,-0.03669877901381325,44656.66196831966,0.9974829361210005,-33083.802247239626,9.242436093909507,14.812632380871378
-0.009112627881912947,0.0035314120188174682,-0.0038686271028528065,44403.0854026305,1.002426358874351,-32687.550659589593,7.032592701040205,3.9496512661249987
0.01969620088337681,0.027127080810801403,0.04037597921700349,43799.70976147961,0.9978004036372707,-31937.436075295907,-6.382368603535205,-11.862422234484153
-0.016140128119233103,0.022280637555765165,0.012689893370571194,43983.04828786829,0.9957141885303522,-31753.061290138303,12.106054929764788,-9.845160037428151
-0.021277075467383756,0.019256884485217167,0.0062198498986166095,44049.40176319956,0.9966212385768385,-31943.191002847678,14.2584148344657,-7.97094978476692
0.02232814501125337,-0.015242630762042212,0.013856034694767514,44178.881492585555,0.9976643461302978,-32484.860060217045,-8.386908451134707,10.770019912463514
0.013445941667479776,-0.014249377575280997,0.006908051607199371,44160.09923526161,1.0006576112837027,-32201.637758345383,0.4890126319388308,7.45907627354509
0.01256684450388273,0.02912852888323315,0.03653731138106369,44657.22264871338,1.009183881720674,-32790.47587442574,-0.6380780019599648,-10.906226054115404
0.028401734854585782,0.00518281960085617,0.031165372684405498,44099.99646798806,0.9999773237488379,-32462.834749191297,-9.25903044397353,3.105867259124647
0.019690117699198977,0.029043397757596602,0.03903210981460425,44336.9612054686,1.0043765164742964,-32932.38969182837,-0.7702633090790698,-5.109250952220847
0.022287240882665937,0.024208766140761985,0.04117924150153519,43972.24920439972,1.0043765164742964,-31838.902612647646,-13.036241743211171,-14.864899610057373
-0.0073203372999162755,0.024757074849314057,0.021074423614316842,43739.61779114275,1.0012471938139187,-31585.581497282343,7.317090413435615,-7.507808816862348
-0.017775641781357876,0.021527744364135327,0.01063516076843934,43967.83643003651,0.994398965962947,-32037.174967425515,13.263592564644565,-9.985099919596017
0.023266882167857918,0.025762000721759198,0.04112617735494444,43726.25335673858,1.0008390212929998,-31586.512600463877,-6.607227319418611,-8.23009490747857
0.0013507581865644233,0.028186256102650024,0.028971002605942976,43869.7482639579,0.9962130660559196,-32010.978440662384,4.385213055693345,-12.278191746793542
0.02094661615432704,0.006181047303626924,0.02362044815209747,43696.22144485289,1.0039229914510532,-31304.739256335353,-0.4253017340758021,3.935942612102572
0.01445557462468255,0.02862639132872153,0.03816790859083695,44228.21660361837,1.0002494387627838,-32202.012143857737,-3.6415961062608115,-14.499233682357886
0.02879944185574237,0.018570007429168815,0.03912984378361413,44173.96228048718,1.0008390212929998,-32696.850788429252,-7.21685852039017,-1.7600502212984495
-0.01261855852713867,0.02386980382687769,0.01651978553787777,44591.32284693207,1.0006576112837027,-32949.87429185932,10.489196016100337,-10.507035222766579
0.004015218408099765,0.025936487157423617,0.027678747044452424,43581.16382410425,1.0019274813487835,-31068.711910370257,4.102011737127636,-4.145126222871092
-0.01259107382301689,0.015936598159752714,0.010542803071138881,43749.056872329435,1.001564661330189,-31691.27038297766,7.168681764624946,-0.41927564044621235
0.025780579695511546,0.02607726060956972,0.04122871128901613,44480.54646974245,1.0014739563255404,-32854.37074859961,-3.976792859746608,-4.125607409348014
0.0012372395817202527,-0.017433577099563266,-0.014783195803986494,44270.50702119017,1.0066894940928366,-32614.99460371316,4.5433505843920905,9.51977957510638
0.025389788909352555,0.0287729054724988,0.04072525394692046,44392.58578675917,1.0014739563255404,-32654.639882581094,-0.8596954279735929,-2.2130930355984937
0.011270361430595907,0.029150954641671275,0.035863821310010605,44659.84623276784,1.0019728338511078,-33215.99688569602,-0.24821076033427047,-11.640720709494172
-0.012707382717468426,-0.009715365848054908,-0.03508993374619676,43797.00978000971,0.997845756139595,-31950.247248346415,9.806287420190504,8.845617212918786
0.01698671292394,-0.021802067333876272,0.0073153412466333565,44425.23062044282,1.010635161795052,-32712.171455330386,-2.548815394891653,9.714091837846258
-0.02184385698153366,-0.0045349615837786544,-0.032147519703014396,44661.365892819726,1.0021995963627293,-33081.804017984396,14.12661669613599,7.356503472514721
-0.007473310171419203,-0.001179348762668692,-0.009185100588334933,43779.99931267561,1.003877638948729,-31517.97273254512,6.911042520094195,5.345242065729163
0.020711509268669173,-0.015995540609796532,0.01306279425832073,43923.49132526575,1.0039229914510532,-31723.05280311485,-5.0287088398307915,9.291316910121758
0.01746764705307821,-0.022486610087810967,0.006433226373326397,44095.89621663261,0.9948524909861901,-32330.986489834526,-3.697958429603311,10.912131179939554
0.021196451531117957,-0.014201455792040725,0.014586006695851823,44313.707186184314,0.9954874260187306,-32682.888761796945,-4.840947550053556,8.636239151057186
-0.025352764571122045,0.014523100176807502,0.0037579585972855657,43770.48928408159,0.9967572960838115,-31425.795404702985,9.80222000030312,-1.1575593463095526
-0.02915451708761554,0.01201433199260242,-0.0002126409828177343,44276.420465844865,0.9891834281956507,-32329.345975551216,10.07351367964366,-0.00030762614212598294
0.02327443999603295,0.023065947094786064,0.04123011760349193,43433.27992980811,1.0045125739812695,-30950.84101275047,-14.962830013741279,-14.755713371978976
0.015394431055275867,0.028744599294179007,0.038315376671540814,44072.42641228597,0.9980725186512166,-32032.822697330404,-2.6890834717609877,-11.61447757688753
0.021397441707192183,0.027590523540784388,0.04052271062939272,44400.13646296101,1.0117236218508356,-32583.9326939258,-3.9828835602832253,-7.587944471733299
0.029153113567878256,0.012449263130921925,0.03624770803922318,44080.900415521275,1.0018367763441347,-32445.52921694973,-9.89599286122764,-0.13778127279189611
-0.023060701546932124,0.01785120848083258,0.004036258535989598,44331.99857025568,0.9929476858885689,-32216.040571718157,14.110660318485106,-6.348642583465455
-0.007565326976464323,0.02406276526149935,0.02046052900036428,44222.237069429284,1.0012471938139187,-32097.123095350984,7.107011906431559,-6.178591130486966
0.022065043801847418,0.025104214984275095,0.04109566435789438,43660.48679849062,1.007324429125377,-31425.09038748324,-10.08296038721525,-12.609248346757596
0.021786839508791945,0.02776025796654972,0.04052981406537981,44584.253773654134,1.0013832513208916,-33005.63251060503,-3.4398689260521724,-6.729323790378913
-0.0038315116075312854,0.026023872651334896,0.02406653902641795,44426.10903670144,1.0056917390417017,-32893.60907810059,6.269251804482881,-8.191225201143594
0.007990346261307367,-0.02895606013114718,-0.011340483420410772,43937.998491469465,0.9857366380190027,-31793.137423461627,0.8462647977358291,13.759463495676375
0.009711398158986443,-0.02913079420516549,-0.007366052047410182,44574.338600401075,0.9988888636930543,-33088.97504112207,0.2334357820881987,12.642008538268897
0.026145112707256522,0.016521166292649176,0.03300041789786602,44311.99661825263,0.9967119435814871,-32464.149217527545,-1.129494438491358,2.062058757005243
-0.018445843775568672,-0.00791827091947497,-0.03661914419186805,43923.35116664502,1.0014739563255404,-31978.70483697547,12.923466070125471,8.891678456562225
0.00384207582151286,0.02864974871699088,0.030913006301088716,43776.83693886961,1.0019728338511078,-31495.079228671984,3.194728910979773,-12.642474403719918
0.02906697925429816,0.006994034123948013,0.033348007268197186,43730.25144582557,0.998571396176784,-31294.124679309185,-13.727181355928979,1.4020321859693041
-0.008063789933732326,0.02582278223360015,0.021020131282533924,45109.091654618016,1.0053742715254315,-33830.937199587584,8.835610827854968,-12.430239631302195
0.028654486486188364,0.0056043359673663825,0.03176668244626089,44969.19505253041,1.0013378988185673,-33771.018843350714,-10.424065305564646,2.743211578984493
0.004668769282953142,0.02784342640836993,0.030161263260614482,44038.772967947705,0.9942175559536497,-31956.91678775454,3.5558138765489353,-7.408502202487796
0.02260879737941461,-0.016427993104390196,0.011873166826270683,44188.681037110066,0.9934465634141364,-32474.676907658,-12.961189448102733,14.278558151603011
0.024934529478978385,-0.009846016354701597,0.019271180742588566,44115.43098840313,1.005011451506837,-32134.23037672936,-10.836151699628136,9.238852646768589
-0.014025876014218983,0.0230142835623891,0.015101848813968591,44492.22118263204,0.9959863035442981,-32959.99098412367,10.568014948045668,-9.150758111023542
0.02093039366366372,0.026158469495424126,0.040821354457034956,43902.90005840925,1.0017460713394861,-32080.581142927374,-8.264301485097356,-12.381985556918654
-0.016155376721471652,0.02288596310685544,0.012039438576278904,43401.629142453145,1.0093652917299711,-31340.618370900556,14.917970442891225,-14.305915572712731
0.002778176256263753,-0.025848060276162748,-0.019279991297391542,44148.03089642894,0.995260663507109,-32279.588409332326,3.643184477300661,13.271149844527795
-0.004642576777747281,-0.018092149851225186,-0.029264666918931617,43890.47636336667,0.9940814984466768,-31609.977615694756,6.9958681109956125,11.346523621121982
0.02535107244967462,0.028683355834047252,0.0407691116960789,44106.41930344872,1.0045579264835938,-31950.3795912932,-0.9918799925647921,-2.3417362811088935
0.0013279839035315812,0.02430163237287257,0.02486108105904616,44303.92736232742,0.9947164334792172,-32540.449848628155,4.727986246707985,-3.2619099121131807
0.022052767425410614,-0.006576857435396041,0.019271050970789554,43891.00070408019,0.9980271661488923,-32138.842280540885,-3.2685338344963473,6.358323640060583
-0.027855289359134235,0.008675211316224375,-0.006931508703088398,43518.735981688944,0.9949885484931631,-31285.961612818177,11.179724495295652,1.2111893490447834
0.022359535795496308,0.027065954853076092,0.04082472459653842,44340.60343745006,0.9968933535907843,-32724.82861915171,-4.5801443847022565,-7.345980392977834
0.02535035728188928,0.021822043022448574,0.04104774948583897,44070.80503990551,1.004739336492891,-32061.2907649401,-12.563036143837271,-9.665657682542625
-0.0034220750752916016,0.004677544773413113,0.0019951940727373145,43898.22236812842,0.9981178711535409,-31834.437356773953,5.736871440670349,3.769925263012091
0.023785103901706087,0.023339036159861295,0.04122785305756096,43923.03493995911,0.9946257284745685,-32013.13384178743,-12.311413715136606,-11.925513118632693
-0.012804603637818601,-0.008184072114815245,-0.030887838904819956,43596.2709266321,0.9932198009025148,-31285.432884358004,9.537737564396306,8.12274185544161
0.025665395295635347,0.02135005816203416,0.0409572284758701,43982.17514974277,1.0007936687906756,-31925.31841470403,-12.904145902736374,-9.351806416739661
0.025267032070140832,0.0013481193165764494,0.025852743061017237,44222.102788987206,0.9891380756933263,-32230.013697117378,-4.238282671568518,4.696775416258795
-0.015243380959711185,-0.012054523968331503,-0.04078097325945394,44993.132920951306,1.000430848772081,-33699.39592284274,12.181737653209435,10.905467884265843
0.02357730454794286,0.028977030044635695,0.04014162014171533,44675.07170531602,0.9941268509490011,-33291.23825074282,-0.6811240786388808,-2.90264268770985
0.027795808762513433,0.017138536027323535,0.039541661484200144,44068.09111309586,0.9990702737023516,-32058.40189319651,-14.620245420067894,-6.0231596530016525
-0.004880571550887287,0.02423452659666625,0.022025482503791126,44056.54772306924,0.9999319712465136,-32235.808698691282,6.214057693718722,-5.179017102895742
0.027145415599926923,-0.0020217521946443813,0.02602813144840131,44232.831317703574,0.9981632236558652,-32419.857406882955,-10.544935381562784,5.810883888375319
0.016878834796976203,0.028071948802983332,0.039315162324960476,44119.49029532224,1.0053742715254315,-32431.302437452858,-5.004880674885738,-13.487906197086087
0.01854027122313824,0.02063854866208293,0.029681340325019456,44054.77978748734,0.9958502460373251,-32076.315882602696,1.6999755734017121,1.0717566131921643
0.02032880128391158,0.028160638775346917,0.0400641453547636,44407.885966303664,0.991949930837434,-32533.23271514038,-3.0920567561198737,-7.506959696405221
0.017983461551540365,0.027502829133550597,0.03988244083981416,43938.09770482925,1.0003854962697567,-31830.845056852188,-6.545026003533488,-14.196352909625462
0.013664692921394573,0.024051847824048532,0.029829045727321212,43902.35259385546,0.9953513685117577,-31967.168142690916,2.6322420321263245,-0.6372126104321332
0.024351262044034854,0.024827562082022872,0.04122691216205617,43875.147283293605,0.9946257284745685,-31697.34780255499,-7.319818227658844,-7.630350625828157
0.021201682074996227,-0.01790470759023457,0.010761227324814318,44261.812252675336,1.0007936687906756,-32303.212056011427,-8.576482976143257,12.346443887435168
